epi_week,date,country,state,city,newDeaths,deaths,newCases,totalCases,deathsMS,totalCasesMS,deaths_per_100k_inhabitants,totalCases_per_100k_inhabitants,deaths_by_totalCases,recovered,suspects,tests,tests_per_100k_inhabitants,vaccinated,vaccinated_per_100_inhabitants,vaccinated_second,vaccinated_second_per_100_inhabitants,vaccinated_single,vaccinated_single_per_100_inhabitants,vaccinated_third,vaccinated_third_per_100_inhabitants
27,2020-07-01,Brazil,PE,TOTAL,65,4894,847,59705,4894,59705,5.120.816,62.472.069,8.197,41343,7970,116680,122.087.615,,,,,,,,
27,2020-07-02,Brazil,PE,TOTAL,74,4968,1414,61119,4968,61119,5.198.245,63.951.602,8.128,41925,7970,116680,122.087.615,,,,,,,,
27,2020-07-03,Brazil,PE,TOTAL,100,5068,1243,62362,5068,62362,5.302.880,65.252.210,8.127,41925,7970,116680,122.087.615,,,,,,,,
27,2020-07-04,Brazil,PE,TOTAL,48,5116,1095,63457,5116,63457,5.353.105,66.397.958,8.062,41925,7970,116680,122.087.615,,,,,,,,
28,2020-07-05,Brazil,PE,TOTAL,27,5143,1672,65129,5143,65129,5.381.356,68.147.448,7.897,44568,7970,129972,135.995.641,,,,,,,,
28,2020-07-06,Brazil,PE,TOTAL,20,5163,513,65642,5163,65642,5.402.283,68.684.223,7.865,46417,7970,129972,135.995.641,,,,,,,,
28,2020-07-07,Brazil,PE,TOTAL,71,5234,509,66151,5234,66151,5.476.573,69.216.813,7.912,46417,7970,129972,135.995.641,,,,,,,,
28,2020-07-08,Brazil,PE,TOTAL,89,5323,1453,67604,5323,67604,5.569.698,70.737.154,7.874,47881,9474,129972,135.995.641,,,,,,,,
28,2020-07-09,Brazil,PE,TOTAL,86,5409,1163,68767,5409,68767,5.659.684,71.954.054,7.866,47881,9474,129972,135.995.641,,,,,,,,
28,2020-07-10,Brazil,PE,TOTAL,73,5482,1333,70100,5482,70100,5.736.067,73.348.833,7.820,49483,9474,129972,135.995.641,,,,,,,,
28,2020-07-11,Brazil,PE,TOTAL,74,5556,1270,71370,5556,71370,5.813.497,74.677.692,7.785,49483,9474,148711,155.603.113,,,,,,,,
29,2020-07-12,Brazil,PE,TOTAL,39,5595,1100,72470,5595,72470,5.854.304,75.828.672,7.720,50850,9474,148711,155.603.113,,,,,,,,
29,2020-07-13,Brazil,PE,TOTAL,57,5652,431,72901,5652,72901,5.913.946,76.279.647,7.753,51095,9474,148711,155.603.113,,,,,,,,
29,2020-07-14,Brazil,PE,TOTAL,63,5715,675,73576,5715,73576,5.979.866,76.985.930,7.767,51095,9474,148711,155.603.113,,,,,,,,
29,2020-07-15,Brazil,PE,TOTAL,57,5772,1384,74960,5772,74960,6.039.507,78.434.073,7.700,53355,9474,159824,167.231.153,,,,,,,,
29,2020-07-16,Brazil,PE,TOTAL,64,5836,1131,76091,5836,76091,6.106.473,79.617.490,7.670,53970,9474,159824,167.231.153,,,,,,,,
29,2020-07-17,Brazil,PE,TOTAL,33,5869,1332,77423,5869,77423,6.141.003,81.011.222,7.580,53970,9474,159824,167.231.153,,,,,,,,
29,2020-07-18,Brazil,PE,TOTAL,59,5928,1086,78509,5928,78509,6.202.737,82.147.553,7.551,56368,9474,159824,167.231.153,,,,,,,,
30,2020-07-19,Brazil,PE,TOTAL,56,5984,943,79452,5984,79452,6.261.333,83.134.257,7.532,56615,9474,159824,167.231.153,,,,,,,,
30,2020-07-20,Brazil,PE,TOTAL,52,6036,663,80115,6036,80115,6.315.743,83.827.985,7.534,56615,10683,174680,182.775.664,,,,,,,,
30,2020-07-21,Brazil,PE,TOTAL,53,6089,326,80441,6089,80441,6.371.199,84.169.093,7.570,58821,10683,174680,182.775.664,,,,,,,,
30,2020-07-22,Brazil,PE,TOTAL,63,6152,941,81382,6152,81382,6.437.119,85.153.705,7.559,60119,10683,174680,182.775.664,,,,,,,,
30,2020-07-23,Brazil,PE,TOTAL,59,6211,1858,83240,6211,83240,6.498.853,87.097.815,7.462,60360,10683,174680,182.775.664,,,,,,,,
30,2020-07-24,Brazil,PE,TOTAL,26,6237,1802,85042,6237,85042,6.526.058,88.983.330,7.334,61995,12648,184441,192.989.044,,,,,,,,
30,2020-07-25,Brazil,PE,TOTAL,62,6299,1710,86752,6299,86752,6.590.931,90.772.581,7.261,61995,12648,184441,192.989.044,,,,,,,,
31,2020-07-26,Brazil,PE,TOTAL,53,6352,1714,88466,6352,88466,6.646.388,92.566.017,7.180,65177,12648,184441,192.989.044,,,,,,,,
31,2020-07-27,Brazil,PE,TOTAL,24,6376,666,89132,6376,89132,6.671.500,93.262.884,7.153,65688,12648,184441,192.989.044,,,,,,,,
31,2020-07-28,Brazil,PE,TOTAL,45,6421,546,89678,6421,89678,6.718.586,93.834.188,7.160,67929,12329,203037,212.446.889,,,,,,,,
31,2020-07-29,Brazil,PE,TOTAL,63,6484,1858,91536,6484,91536,6.784.505,95.778.299,7.084,68401,12329,203037,212.446.889,,,,,,,,
31,2020-07-30,Brazil,PE,TOTAL,42,6526,1837,93373,6526,93373,6.828.452,97.700.436,6.989,69073,12329,203037,212.446.889,,,,,,,,
31,2020-07-31,Brazil,PE,TOTAL,31,6557,1632,95005,6557,95005,6.860.889,99.408.072,6.902,70967,12329,203037,212.446.889,,,,,,,,
31,2020-08-01,Brazil,PE,TOTAL,40,6597,1741,96746,6597,96746,6.902.742,101.229.760,6.819,72672,12329,203037,212.446.889,,,,,,,,
32,2020-08-02,Brazil,PE,TOTAL,37,6634,1224,97970,6634,97970,6.941.457,102.510.487,6.771,73370,15453,230791,241.487.167,,,,,,,,
32,2020-08-03,Brazil,PE,TOTAL,35,6669,431,98401,6669,98401,6.978.079,102.961.462,6.777,75388,15453,230791,241.487.167,,,,,,,,
32,2020-08-04,Brazil,PE,TOTAL,48,6717,432,98833,6717,98833,7.028.304,103.413.483,6.796,75388,15453,230791,241.487.167,,,,,,,,
32,2020-08-05,Brazil,PE,TOTAL,41,6758,1488,100321,6758,100321,7.071.204,104.970.445,6.736,77142,15453,230791,241.487.167,,,,,,,,
32,2020-08-06,Brazil,PE,TOTAL,70,6828,1074,101395,6828,101395,7.144.448,106.094.221,6.734,77379,15453,243032,254.295.484,,,,,,,,
32,2020-08-07,Brazil,PE,TOTAL,39,6867,1477,102872,6867,102872,7.185.256,107.639.673,6.675,77379,17927,243032,254.295.484,,,,,,,,
32,2020-08-08,Brazil,PE,TOTAL,53,6920,1241,104113,6920,104113,7.240.712,108.938.188,6.647,80102,17927,243032,254.295.484,,,,,,,,
33,2020-08-09,Brazil,PE,TOTAL,50,6970,1268,105381,6941,105134,7.293.029,110.264.955,6.614,82665,19538,255846,267.703.358,,,,,,,,
33,2020-08-10,Brazil,PE,TOTAL,0,6970,0,105381,6970,105381,7.293.029,110.264.955,6.614,83137,19538,255846,267.703.358,,,,,,,,
33,2020-08-11,Brazil,PE,TOTAL,38,7008,601,105982,7008,105982,7.332.791,110.893.808,6.612,85731,19538,255846,267.703.358,,,,,,,,
33,2020-08-12,Brazil,PE,TOTAL,41,7049,1393,107375,7049,107375,7.375.691,112.351.368,6.565,88252,19538,262844,275.025.685,,,,,,,,
33,2020-08-13,Brazil,PE,TOTAL,35,7084,1467,108842,7084,108842,7.412.313,113.886.357,6.509,88252,19538,262844,275.025.685,,,,,,,,
33,2020-08-14,Brazil,PE,TOTAL,27,7111,1567,110409,7111,110409,7.440.564,115.525.981,6.441,87994,19538,262844,275.025.685,,,,,,,,
33,2020-08-15,Brazil,PE,TOTAL,45,7156,1364,111773,7156,111773,7.487.650,116.953.196,6.402,90623,19538,262844,275.025.685,,,,,,,,
34,2020-08-16,Brazil,PE,TOTAL,32,7188,1185,112958,7188,112958,7.521.133,118.193.116,6.363,91421,19538,281776,294.835.102,,,,,,,,
34,2020-08-17,Brazil,PE,TOTAL,22,7210,225,113183,7210,113183,7.544.152,118.428.544,6.370,91421,19538,281776,294.835.102,,,,,,,,
34,2020-08-18,Brazil,PE,TOTAL,42,7252,605,113788,7252,113788,7.588.099,119.061.583,6.373,95060,19538,281776,294.835.102,,,,,,,,
34,2020-08-19,Brazil,PE,TOTAL,28,7280,1429,115217,7280,115217,7.617.397,120.556.811,6.319,96220,19538,281776,294.835.102,,,,,,,,
34,2020-08-20,Brazil,PE,TOTAL,23,7303,1142,116359,7303,116359,7.641.463,121.751.738,6.276,96220,16456,294285,307.923.840,,,,,,,,
34,2020-08-21,Brazil,PE,TOTAL,32,7335,1072,117431,7335,117431,7.674.946,122.873.420,6.246,98126,16456,294285,307.923.840,,,,,,,,
34,2020-08-22,Brazil,PE,TOTAL,29,7364,596,118027,7364,118027,7.705.290,123.497.042,6.239,98667,16456,294285,307.923.840,,,,,,,,
35,2020-08-23,Brazil,PE,TOTAL,26,7390,1113,119140,7390,119140,7.732.495,124.661.625,6.203,100330,16456,294285,307.923.840,,,,,,,,
35,2020-08-24,Brazil,PE,TOTAL,9,7399,217,119357,7399,119357,7.741.912,124.888.682,6.199,100664,16456,307971,322.244.127,,,,,,,,
35,2020-08-25,Brazil,PE,TOTAL,26,7425,601,119958,7425,119958,7.769.117,125.517.536,6.190,100664,16456,307971,322.244.127,,,,,,,,
35,2020-08-26,Brazil,PE,TOTAL,35,7460,1120,121078,7460,121078,7.805.739,126.689.443,6.161,101793,16456,307971,322.244.127,,,,,,,,
35,2020-08-27,Brazil,PE,TOTAL,20,7480,1069,122147,7480,122147,7.826.666,127.807.986,6.124,101793,16456,307971,322.244.127,,,,,,,,
35,2020-08-28,Brazil,PE,TOTAL,32,7512,999,123146,7512,123146,7.860.149,128.853.286,6.100,103517,16456,307971,322.244.127,,,,,,,,
35,2020-08-29,Brazil,PE,TOTAL,35,7547,1005,124151,7547,124151,7.896.771,129.904.863,6.079,105381,15055,325965,341.072.071,,,,,,,,
36,2020-08-30,Brazil,PE,TOTAL,27,7574,943,125094,7574,125094,7.925.022,130.891.567,6.055,105859,15055,325965,341.072.071,,,,,,,,
36,2020-08-31,Brazil,PE,TOTAL,19,7593,445,125539,7593,125539,7.944.903,131.357.191,6.048,105859,15055,325965,341.072.071,,,,,,,,
36,2020-09-01,Brazil,PE,TOTAL,21,7614,1748,127287,7614,127287,7.966.876,133.186.203,5.982,110583,15055,340492,356.272.335,,,,,,,,
36,2020-09-02,Brazil,PE,TOTAL,42,7656,1437,128724,7656,128724,8.010.823,134.689.802,5.948,111941,15055,340492,356.272.335,,,,,,,,
36,2020-09-03,Brazil,PE,TOTAL,-37,7619,1475,130199,7619,130199,7.972.108,136.233.162,5.852,113496,15055,340492,356.272.335,,,,,,,,
36,2020-09-04,Brazil,PE,TOTAL,26,7645,1031,131230,7645,131230,7.999.313,137.311.944,5.826,113496,15055,340492,356.272.335,,,,,,,,
36,2020-09-05,Brazil,PE,TOTAL,25,7670,731,131961,7670,131961,8.025.471,138.076.823,5.812,113496,15055,340492,356.272.335,,,,,,,,
37,2020-09-06,Brazil,PE,TOTAL,32,7702,191,132152,7702,132152,8.058.954,138.276.675,5.828,114952,15055,340492,356.272.335,,,,,,,,
37,2020-09-07,Brazil,PE,TOTAL,19,7721,268,132420,7721,132420,8.078.835,138.557.096,5.831,114990,17327,371345,388.555.238,,,,,,,,
37,2020-09-08,Brazil,PE,TOTAL,20,7741,170,132590,7741,132590,8.099.762,138.734.974,5.838,114990,17327,371345,388.555.238,,,,,,,,
37,2020-09-09,Brazil,PE,TOTAL,23,7764,989,133579,7764,133579,8.123.828,139.769.810,5.812,115800,17327,371345,388.555.238,,,,,,,,
37,2020-09-10,Brazil,PE,TOTAL,28,7792,1040,134619,7792,134619,8.153.126,140.858.010,5.788,115800,17327,371345,388.555.238,,,,,,,,
37,2020-09-11,Brazil,PE,TOTAL,25,7817,1024,135643,7817,135643,8.179.284,141.929.468,5.763,117349,17327,388847,406.868.380,,,,,,,,
37,2020-09-12,Brazil,PE,TOTAL,35,7852,770,136413,7852,136413,8.215.906,142.735.154,5.756,118239,17327,388847,406.868.380,,,,,,,,
38,2020-09-13,Brazil,PE,TOTAL,22,7874,259,136672,7874,136672,8.238.926,143.006.157,5.761,118570,17327,388847,406.868.380,,,,,,,,
38,2020-09-14,Brazil,PE,TOTAL,14,7888,181,136853,7888,136853,8.253.575,143.195.546,5.764,118570,17327,388847,406.868.380,,,,,,,,
38,2020-09-15,Brazil,PE,TOTAL,26,7914,1016,137869,7914,137869,8.280.780,144.258.633,5.740,119554,17327,388847,406.868.380,,,,,,,,
38,2020-09-16,Brazil,PE,TOTAL,19,7933,699,138568,7933,138568,8.300.660,144.990.029,5.725,120068,17327,408249,427.169.579,,,,,,,,
38,2020-09-17,Brazil,PE,TOTAL,21,7954,757,139325,7954,139325,8.322.634,145.782.113,5.709,120068,17327,408249,427.169.579,,,,,,,,
38,2020-09-18,Brazil,PE,TOTAL,17,7971,910,140235,7971,140235,8.340.421,146.734.287,5.684,120068,17327,408249,427.169.579,,,,,,,,
38,2020-09-19,Brazil,PE,TOTAL,33,8004,807,141042,8004,141042,8.374.951,147.578.688,5.675,122512,17327,408249,427.169.579,,,,,,,,
39,2020-09-20,Brazil,PE,TOTAL,12,8016,475,141517,8016,141517,8.387.507,148.075.702,5.664,123023,17327,408249,427.169.579,,,,,,,,
39,2020-09-21,Brazil,PE,TOTAL,9,8025,260,141777,8016,141777,8.396.924,148.347.752,5.660,123304,17327,429759,449.676.475,,,,,,,,
39,2020-09-22,Brazil,PE,TOTAL,30,8055,711,142488,8055,142488,8.428.314,149.091.704,5.653,123304,17327,429759,449.676.475,,,,,,,,
39,2020-09-23,Brazil,PE,TOTAL,30,8085,677,143165,8085,143165,8.459.705,149.800.080,5.647,123304,17327,429759,449.676.475,,,,,,,,
39,2020-09-24,Brazil,PE,TOTAL,25,8110,538,143703,8110,143703,8.485.864,150.363.014,5.644,125554,17327,444829,465.444.905,,,,,,,,
39,2020-09-25,Brazil,PE,TOTAL,19,8129,565,144268,8129,144268,8.505.744,150.954.199,5.635,125554,17327,444829,465.444.905,,,,,,,,
39,2020-09-26,Brazil,PE,TOTAL,27,8156,672,144940,8156,144940,8.533.995,151.657.344,5.627,125554,17327,444829,465.444.905,,,,,,,,
40,2020-09-27,Brazil,PE,TOTAL,18,8174,76,145016,8174,145016,8.552.830,151.736.866,5.637,125554,17327,444829,465.444.905,,,,,,,,
40,2020-09-28,Brazil,PE,TOTAL,16,8190,80,145096,8190,145096,8.569.571,151.820.573,5.645,125554,17327,444829,465.444.905,,,,,,,,
40,2020-09-29,Brazil,PE,TOTAL,32,8222,1229,146325,8222,146325,8.603.054,153.106.532,5.619,127590,17327,468675,490.396.064,,,,,,,,
40,2020-09-30,Brazil,PE,TOTAL,29,8251,846,147171,8251,147171,8.633.398,153.991.741,5.606,127590,17327,468675,490.396.064,,,,,,,,
40,2020-10-01,Brazil,PE,TOTAL,28,8279,701,147872,8279,147872,8.662.696,154.725.229,5.599,127590,17327,468675,490.396.064,,,,,,,,
40,2020-10-02,Brazil,PE,TOTAL,20,8299,865,148737,8299,148737,8.683.623,155.630.318,5.580,127590,17327,468675,490.396.064,,,,,,,,
40,2020-10-03,Brazil,PE,TOTAL,19,8318,612,149349,8318,149349,8.703.503,156.270.682,5.570,129516,17327,491475,514.252.745,,,,,,,,
41,2020-10-04,Brazil,PE,TOTAL,15,8333,68,149417,8333,149417,8.719.199,156.341.833,5.577,129516,17327,491475,514.252.745,,,,,,,,
41,2020-10-05,Brazil,PE,TOTAL,7,8340,37,149454,8340,149454,8.726.523,156.380.548,5.580,129516,17327,491475,514.252.745,,,,,,,,
41,2020-10-06,Brazil,PE,TOTAL,16,8356,763,150217,8356,150217,8.743.265,157.178.910,5.563,129516,17327,491475,514.252.745,,,,,,,,
41,2020-10-07,Brazil,PE,TOTAL,23,8379,922,151139,8379,151139,8.767.330,158.143.640,5.544,131135,17327,491475,514.252.745,,,,,,,,
41,2020-10-08,Brazil,PE,TOTAL,8,8387,597,151736,8387,151736,8.775.701,158.768.309,5.527,131135,17327,512141,535.876.525,,,,,,,,
41,2020-10-09,Brazil,PE,TOTAL,10,8397,678,152414,8397,152414,8.786.165,159.477.731,5.509,131135,17327,512141,535.876.525,,,,,,,,
41,2020-10-10,Brazil,PE,TOTAL,11,8408,584,152998,8408,152998,8.797.675,160.088.797,5.495,131135,17327,512141,535.876.525,,,,,,,,
42,2020-10-11,Brazil,PE,TOTAL,3,8411,146,153144,8411,153144,8.800.814,160.241.564,5.492,133312,17327,512141,535.876.525,,,,,,,,
42,2020-10-12,Brazil,PE,TOTAL,3,8414,78,153222,8414,153222,8.803.953,160.323.179,5.491,133371,17327,512141,535.876.525,,,,,,,,
42,2020-10-13,Brazil,PE,TOTAL,3,8417,77,153299,8417,153299,8.807.092,160.403.747,5.491,133512,17327,512141,535.876.525,,,,,,,,
42,2020-10-14,Brazil,PE,TOTAL,21,8438,742,154041,8438,154041,8.829.065,161.180.136,5.478,134667,17327,512141,535.876.525,,,,,,,,
42,2020-10-15,Brazil,PE,TOTAL,18,8456,825,154866,8456,154866,8.847.899,162.043.371,5.460,136278,17327,512141,535.876.525,,,,,,,,
42,2020-10-16,Brazil,PE,TOTAL,13,8469,654,155520,8469,155520,8.861.502,162.727.681,5.446,138012,17327,512141,535.876.525,,,,,,,,
42,2020-10-17,Brazil,PE,TOTAL,11,8480,403,155923,8480,155923,8.873.011,163.149.358,5.439,138049,17327,512141,535.876.525,,,,,,,,
43,2020-10-18,Brazil,PE,TOTAL,7,8487,106,156029,8487,156029,8.880.336,163.260.271,5.439,138794,17327,512141,535.876.525,,,,,,,,
43,2020-10-19,Brazil,PE,TOTAL,3,8490,101,156130,8490,156130,8.883.475,163.365.952,5.438,138870,17327,512141,535.876.525,,,,,,,,
43,2020-10-20,Brazil,PE,TOTAL,15,8505,664,156794,8505,156794,8.899.170,164.060.725,5.424,139453,17327,512141,535.876.525,,,,,,,,
43,2020-10-21,Brazil,PE,TOTAL,14,8519,624,157418,8519,157418,8.913.819,164.713.645,5.412,139726,17327,512141,535.876.525,,,,,,,,
43,2020-10-22,Brazil,PE,TOTAL,8,8527,359,157777,8527,157777,8.922.190,165.089.283,5.404,139824,17327,512141,535.876.525,,,,,,,,
43,2020-10-23,Brazil,PE,TOTAL,4,8531,719,158496,8531,158496,8.926.375,165.841.606,5.382,140591,17327,512141,535.876.525,,,,,,,,
43,2020-10-24,Brazil,PE,TOTAL,11,8542,724,159220,8542,159220,8.937.885,166.599.160,5.365,141541,17327,512141,535.876.525,,,,,,,,
44,2020-10-25,Brazil,PE,TOTAL,10,8552,157,159377,8552,159377,8.948.348,166.763.436,5.366,141700,17327,512141,535.876.525,,,,,,,,
44,2020-10-26,Brazil,PE,TOTAL,12,8564,99,159476,8564,159476,8.960.904,166.867.024,5.370,141833,17327,512141,535.876.525,,,,,,,,
44,2020-10-27,Brazil,PE,TOTAL,11,8575,878,160354,8575,160354,8.972.414,167.785.716,5.348,141833,17327,583351,610.386.802,,,,,,,,
44,2020-10-28,Brazil,PE,TOTAL,12,8587,807,161161,8587,161161,8.984.970,168.630.117,5.328,142674,17327,583351,610.386.802,,,,,,,,
44,2020-10-29,Brazil,PE,TOTAL,12,8599,579,161740,8599,161740,8.997.527,169.235.951,5.317,143013,17327,583351,610.386.802,,,,,,,,
44,2020-10-30,Brazil,PE,TOTAL,10,8609,662,162402,8609,162402,9.007.990,169.928.632,5.301,143270,17327,583351,610.386.802,,,,,,,,
44,2020-10-31,Brazil,PE,TOTAL,18,8627,491,162893,8627,162893,9.026.824,170.442.388,5.296,144875,17327,605030,633.070.530,,,,,,,,
45,2020-11-01,Brazil,PE,TOTAL,5,8632,84,162977,8632,162977,9.032.056,170.530.281,5.296,145095,17327,612220,640.593.755,,,,,,,,
45,2020-11-02,Brazil,PE,TOTAL,6,8638,62,163039,8638,163039,9.038.334,170.595.154,5.298,145097,17327,612220,640.593.755,,,,,,,,
45,2020-11-03,Brazil,PE,TOTAL,5,8643,117,163156,8643,163156,9.043.566,170.717.577,5.297,145123,17327,616728,645.310.681,,,,,,,,
45,2020-11-04,Brazil,PE,TOTAL,24,8667,486,163642,8667,163642,9.068.678,171.226.101,5.296,145123,17327,616728,645.310.681,,,,,,,,
45,2020-11-05,Brazil,PE,TOTAL,20,8687,580,164222,8687,164222,9.089.605,171.832.981,5.290,145804,17327,629638,658.819.004,,,,,,,,
45,2020-11-06,Brazil,PE,TOTAL,24,8711,1051,165273,8711,165273,9.114.717,172.932.690,5.271,145804,17327,629638,658.819.004,,,,,,,,
45,2020-11-07,Brazil,PE,TOTAL,13,8724,649,165922,8724,165922,9.128.320,173.611.769,5.258,146752,17327,635404,664.852.233,,,,,,,,
46,2020-11-08,Brazil,PE,TOTAL,8,8732,411,166333,8732,166333,9.136.691,174.041.817,5.250,147528,17327,641629,671.365.735,,,,,,,,
46,2020-11-09,Brazil,PE,TOTAL,8,8740,207,166540,8740,166540,9.145.061,174.258.410,5.248,147843,17327,647423,677.428.262,,,,,,,,
46,2020-11-10,Brazil,PE,TOTAL,23,8763,693,167233,8763,167233,9.169.127,174.983.528,5.240,149090,17327,653698,683.994.081,,,,,,,,
46,2020-11-11,Brazil,PE,TOTAL,10,8773,860,168093,8773,168093,9.179.591,175.883.385,5.219,149090,17327,653698,683.994.081,,,,,,,,
46,2020-11-12,Brazil,PE,TOTAL,21,8794,787,168880,8794,168880,9.201.564,176.706.859,5.207,150329,17327,658830,689.363.928,,,,,,,,
46,2020-11-13,Brazil,PE,TOTAL,11,8805,830,169710,8805,169710,9.213.074,177.575.326,5.188,151016,17327,669011,700.016.773,,,,,,,,
46,2020-11-14,Brazil,PE,TOTAL,10,8815,843,170553,8815,170553,9.223.537,178.457.396,5.168,151016,17327,669011,700.016.773,,,,,,,,
47,2020-11-15,Brazil,PE,TOTAL,12,8827,307,170860,8827,170860,9.236.093,178.778.624,5.166,151016,17327,669011,700.016.773,,,,,,,,
47,2020-11-16,Brazil,PE,TOTAL,11,8838,356,171216,8838,171216,9.247.603,179.151.123,5.162,152041,17327,681754,713.350.356,,,,,,,,
47,2020-11-17,Brazil,PE,TOTAL,16,8854,674,171890,8854,171890,9.264.345,179.856.360,5.151,152041,,681754,713.350.356,,,,,,,,
47,2020-11-18,Brazil,PE,TOTAL,19,8873,826,172716,8873,172716,9.284.225,180.720.641,5.137,153344,,695717,727.960.481,,,,,,,,
47,2020-11-19,Brazil,PE,TOTAL,17,8890,908,173624,8890,173624,9.302.013,181.670.723,5.120,154312,,701052,733.542.735,,,,,,,,
47,2020-11-20,Brazil,PE,TOTAL,9,8899,688,174312,8899,174312,9.311.430,182.390.609,5.105,154975,,706238,738.969.084,,,,,,,,
47,2020-11-21,Brazil,PE,TOTAL,21,8920,946,175258,8920,175258,9.333.404,183.380.452,5.090,154975,,706238,738.969.084,,,,,,,,
48,2020-11-22,Brazil,PE,TOTAL,3,8923,472,175730,8923,175730,9.336.543,183.874.327,5.078,155815,,711447,744.419.498,,,,,,,,
48,2020-11-23,Brazil,PE,TOTAL,3,8926,428,176158,8926,176158,9.339.682,184.322.163,5.067,156384,,716545,749.753.769,,,,,,,,
48,2020-11-24,Brazil,PE,TOTAL,25,8951,781,176939,8951,176939,9.365.840,185.139.359,5.059,156817,,724537,758.116.163,,,,,,,,
48,2020-11-25,Brazil,PE,TOTAL,20,8971,1147,178086,8971,178086,9.386.767,186.339.518,5.037,157792,,729302,763.102.001,,,,,,,,
48,2020-11-26,Brazil,PE,TOTAL,16,8987,553,178639,8987,178639,9.403.509,186.918.147,5.031,158260,,735958,770.066.477,,,,,,,,
48,2020-11-27,Brazil,PE,TOTAL,12,8999,669,179308,8999,179308,9.416.065,187.618.152,5.019,158850,,743884,778.359.813,,,,,,,,
48,2020-11-28,Brazil,PE,TOTAL,20,9019,2084,181392,9019,181392,9.436.992,189.798.736,4.972,158850,,743884,778.359.813,,,,,,,,
49,2020-11-29,Brazil,PE,TOTAL,11,9030,449,181841,9030,181841,9.448.502,190.268.546,4.966,158850,,743884,778.359.813,,,,,,,,
49,2020-11-30,Brazil,PE,TOTAL,7,9037,565,182406,9037,182406,9.455.826,190.859.731,4.954,161569,,761466,796.756.663,,,,,,,,
49,2020-12-01,Brazil,PE,TOTAL,19,9056,1853,184259,9056,184259,9.475.707,192.798.610,4.915,162589,,770957,806.687.530,,,,,,,,
49,2020-12-02,Brazil,PE,TOTAL,26,9082,1348,185607,9082,185607,9.502.912,194.209.084,4.893,163498,,776271,812.247.811,,,,,,,,
49,2020-12-03,Brazil,PE,TOTAL,16,9098,1431,187038,9098,187038,9.519.653,195.706.404,4.864,164955,,780677,816.858.010,,,,,,,,
49,2020-12-04,Brazil,PE,TOTAL,21,9119,1094,188132,9119,188132,9.541.626,196.851.106,4.847,165979,,786581,823.035.635,,,,,,,,
49,2020-12-05,Brazil,PE,TOTAL,21,9140,1518,189650,9140,189650,9.563.600,198.439.459,4.819,167137,,786581,823.035.635,,,,,,,,
50,2020-12-06,Brazil,PE,TOTAL,8,9148,765,190415,9148,190415,9.571.970,199.239.914,4.804,167137,,794492,831.313.276,,,,,,,,
50,2020-12-07,Brazil,PE,TOTAL,22,9170,746,191161,9170,191161,9.594.990,200.020.487,4.797,168449,,799119,836.154.717,,,,,,,,
50,2020-12-08,Brazil,PE,TOTAL,16,9186,1236,192397,9186,192397,9.611.731,201.313.771,4.775,169129,,806437,843.811.875,,,,,,,,
50,2020-12-09,Brazil,PE,TOTAL,14,9200,1133,193530,9200,193530,9.626.380,202.499.280,4.754,169129,,806437,843.811.875,,,,,,,,
50,2020-12-10,Brazil,PE,TOTAL,29,9229,1588,195118,9229,195118,9.656.724,204.160.877,4.730,170601,,813212,850.900.867,,,,,,,,
50,2020-12-11,Brazil,PE,TOTAL,15,9244,1945,197063,9244,197063,9.672.420,206.196.020,4.691,171535,,826657,864.968.985,,,,,,,,
50,2020-12-12,Brazil,PE,TOTAL,27,9271,1363,198426,9271,198426,9.700.671,207.622.189,4.672,171535,,826657,864.968.985,,,,,,,,
51,2020-12-13,Brazil,PE,TOTAL,13,9284,258,198684,9284,198684,9.714.273,207.892.146,4.673,172569,,832460,871.040.929,,,,,,,,
51,2020-12-14,Brazil,PE,TOTAL,15,9299,362,199046,9299,199046,9.729.969,208.270.923,4.672,172569,,832460,871.040.929,,,,,,,,
51,2020-12-15,Brazil,PE,TOTAL,25,9324,734,199780,9324,199780,9.756.127,209.038.941,4.667,172861,,836599,875.371.754,,,,,,,,
51,2020-12-16,Brazil,PE,TOTAL,15,9339,2071,201851,9339,201851,9.771.822,211.205.923,4.627,172861,,836599,875.371.754,,,,,,,,
51,2020-12-17,Brazil,PE,TOTAL,22,9361,1646,203497,9361,203497,9.794.842,212.928.208,4.600,176301,,849668,889.046.445,,,,,,,,
51,2020-12-18,Brazil,PE,TOTAL,22,9383,1765,205262,9383,205262,9.817.862,214.775.008,4.571,176301,,849668,889.046.445,,,,,,,,
51,2020-12-19,Brazil,PE,TOTAL,35,9418,1746,207008,9418,207008,9.854.484,216.601.928,4.550,176301,,849668,889.046.445,,,,,,,,
52,2020-12-20,Brazil,PE,TOTAL,17,9435,418,207426,9435,207426,9.872.272,217.039.300,4.549,178716,,871078,911.448.706,,,,,,,,
52,2020-12-21,Brazil,PE,TOTAL,8,9443,709,208135,9443,208135,9.880.642,217.781.159,4.537,179062,,873957,914.461.136,,,,,,,,
52,2020-12-22,Brazil,PE,TOTAL,16,9459,1946,210081,9459,210081,9.897.384,219.817.348,4.503,179062,,873957,914.461.136,,,,,,,,
52,2020-12-23,Brazil,PE,TOTAL,28,9487,1915,211996,9487,211996,9.926.682,221.821.100,4.475,179062,,873957,914.461.136,,,,,,,,
52,2020-12-24,Brazil,PE,TOTAL,36,9523,1457,213453,9523,213453,9.964.350,223.345.625,4.461,179062,,873957,914.461.136,,,,,,,,
52,2020-12-25,Brazil,PE,TOTAL,21,9544,1109,214562,9544,214562,9.986.323,224.506.023,4.448,179062,,873957,914.461.136,,,,,,,,
52,2020-12-26,Brazil,PE,TOTAL,16,9560,387,214949,9560,214949,10.003.065,224.910.959,4.448,183555,,905689,947.663.777,,,,,,,,
53,2020-12-27,Brazil,PE,TOTAL,11,9571,603,215552,9571,215552,10.014.575,225.541.905,4.440,183555,,905689,947.663.777,,,,,,,,
53,2020-12-28,Brazil,PE,TOTAL,17,9588,442,215994,9588,215994,10.032.362,226.004.390,4.439,184646,,908233,950.325.680,,,,,,,,
53,2020-12-29,Brazil,PE,TOTAL,24,9612,1778,217772,9612,217772,10.057.475,227.864.792,4.414,184966,,910886,953.101.635,,,,,,,,
53,2020-12-30,Brazil,PE,TOTAL,20,9632,2512,220284,9612,220284,10.078.402,230.493.213,4.373,187955,,926302,969.232.101,,,,,,,,
53,2020-12-31,Brazil,PE,TOTAL,22,9654,1882,222166,9654,222166,10.101.421,232.462.435,4.345,189850,,935674,979.038.452,,,,,,,,
53,2021-01-01,Brazil,PE,TOTAL,12,9666,827,222993,9666,222993,10.113.977,233.327.763,4.335,189850,,935674,979.038.452,,,,,,,,
53,2021-01-02,Brazil,PE,TOTAL,8,9674,332,223325,9674,223325,10.122.348,233.675.150,4.332,189942,,940528,984.117.414,,,,,,,,
101,2021-01-03,Brazil,PE,TOTAL,5,9679,215,223540,9679,223540,10.127.580,233.900.114,4.330,189942,,940528,984.117.414,,,,,,,,
101,2021-01-04,Brazil,PE,TOTAL,12,9691,305,223845,9691,223845,10.140.136,234.219.250,4.329,190917,,942945,986.646.432,,,,,,,,
101,2021-01-05,Brazil,PE,TOTAL,18,9709,1491,225336,9709,225336,10.158.970,235.779.351,4.309,190917,,942945,986.646.432,,,,,,,,
101,2021-01-06,Brazil,PE,TOTAL,22,9731,1604,226940,9731,226940,10.181.990,237.457.690,4.288,192485,,948375,992.328.089,,,,,,,,
101,2021-01-07,Brazil,PE,TOTAL,32,9763,1511,228451,9763,228451,10.215.473,239.038.718,4.274,195518,,953175,997.350.548,,,,,,,,
101,2021-01-08,Brazil,PE,TOTAL,26,9789,1250,229701,9789,229701,10.242.678,240.346.650,4.262,195518,,953175,997.350.548,,,,,,,,
101,2021-01-09,Brazil,PE,TOTAL,37,9826,1190,230891,9826,230891,10.281.393,241.591.802,4.256,196457,,953175,997.350.548,,,,,,,,
102,2021-01-10,Brazil,PE,TOTAL,14,9840,1146,232037,9840,232037,10.296.042,242.790.914,4.241,196457,,953175,997.350.548,,,,,,,,
102,2021-01-11,Brazil,PE,TOTAL,11,9851,719,232756,9851,232756,10.307.551,243.543.236,4.232,198249,,974217,1.019.367.754,,,,,,,,
102,2021-01-12,Brazil,PE,TOTAL,38,9889,1482,234238,9889,234238,10.347.312,245.093.921,4.222,198249,,974217,1.019.367.754,,,,,,,,
102,2021-01-13,Brazil,PE,TOTAL,30,9919,1803,236041,9919,236041,10.378.703,246.980.482,4.202,199536,,985107,1.030.762.458,,,,,,,,
102,2021-01-14,Brazil,PE,TOTAL,27,9946,1412,237453,9946,237453,10.406.954,248.457.922,4.189,200524,,993307,1.039.342.493,,,,,,,,
102,2021-01-15,Brazil,PE,TOTAL,18,9964,1702,239155,9964,239155,10.425.788,250.238.802,4.166,200524,,1000188,1.046.542.398,,,,,,,,
102,2021-01-16,Brazil,PE,TOTAL,29,9993,1450,240605,9993,240605,10.456.132,251.756.003,4.153,204017,,1007816,1.054.523.923,,,,,,,,
103,2021-01-17,Brazil,PE,TOTAL,27,10020,482,241087,10020,241087,10.484.384,252.260.342,4.156,205511,22777,1015708,1.062.781.683,,,,,,,,
103,2021-01-18,Brazil,PE,TOTAL,11,10031,322,241409,10031,241409,10.495.894,252.597.265,4.155,205930,22777,1022808,1.070.210.737,10,10,,,,,,
103,2021-01-19,Brazil,PE,TOTAL,28,10059,1635,243044,10059,243044,10.525.191,254.308.041,4.139,207478,22777,1030300,1.078.049.959,10,10,,,,,,
103,2021-01-20,Brazil,PE,TOTAL,39,10098,1770,244814,10098,244814,10.565.999,256.160.072,4.125,207478,10980,1030300,1.078.049.959,1100,1.151,,,,,,
103,2021-01-21,Brazil,PE,TOTAL,35,10133,1985,246799,10133,246799,10.602.621,258.237.069,4.106,207478,10980,1030300,1.078.049.959,4848,5.073,,,,,,
103,2021-01-22,Brazil,PE,TOTAL,19,10152,1714,248513,10152,248513,10.622.501,260.030.505,4.085,211038,10980,1044143,1.092.534.522,34336,35.927,,,,,,
103,2021-01-23,Brazil,PE,TOTAL,25,10177,1652,250165,10177,250165,10.648.660,261.759.068,4.068,211038,10980,1044143,1.092.534.522,34336,35.927,,,,,,
104,2021-01-24,Brazil,PE,TOTAL,16,10193,537,250702,10193,250702,10.665.402,262.320.956,4.066,213329,10980,1059402,1.108.500.711,34336,35.927,,,,,,
104,2021-01-25,Brazil,PE,TOTAL,7,10200,589,251291,10200,251291,10.672.726,262.937.253,4.059,213329,10980,1059402,1.108.500.711,43441,45.454,,,,,,
104,2021-01-26,Brazil,PE,TOTAL,22,10222,2124,253415,10222,253415,10.695.746,265.159.692,4.034,215937,10980,1075331,1.125.167.952,51118,53.487,,,,,,
104,2021-01-27,Brazil,PE,TOTAL,29,10251,2068,255483,10251,255483,10.726.090,267.323.535,4.012,215937,3190,1075331,1.125.167.952,63180,66.108,,,,,,
104,2021-01-28,Brazil,PE,TOTAL,28,10279,1494,256977,10279,256977,10.755.387,268.886.775,4.000,215937,3190,1080592,1.130.672.776,75552,79.054,,,,,,
104,2021-01-29,Brazil,PE,TOTAL,25,10304,1748,258725,10304,258725,10.781.546,270.715.787,3.983,220037,3190,1080592,1.130.672.776,96274,100.736,,,,,,
104,2021-01-30,Brazil,PE,TOTAL,28,10332,1954,260679,10332,260679,10.810.844,272.760.347,3.963,221666,3190,1097785,1.148.662.598,96274,100.736,,,,,,
105,2021-01-31,Brazil,PE,TOTAL,16,10348,621,261300,10348,261300,10.827.585,273.410.127,3.960,221666,3190,1097785,1.148.662.598,96274,100.736,,,,,,
105,2021-02-01,Brazil,PE,TOTAL,16,10364,445,261745,10364,261745,10.844.327,273.875.751,3.960,222929,3190,1103466,1.154.606.887,118733,124.236,,,,,,
105,2021-02-02,Brazil,PE,TOTAL,23,10387,1977,263722,10387,263722,10.868.393,275.944.377,3.939,224393,3190,1103466,1.154.606.887,136107,142.415,,,,,,
105,2021-02-03,Brazil,PE,TOTAL,12,10399,1627,265349,10399,265349,10.880.949,277.646.781,3.919,225556,4954,1103466,1.154.606.887,148632,155.520,,,,,,
105,2021-02-04,Brazil,PE,TOTAL,31,10430,1650,266999,10430,266999,10.913.385,279.373.251,3.906,226973,4954,1120033,1.171.941.696,161566,169.054,,,,,,
105,2021-02-05,Brazil,PE,TOTAL,22,10452,1487,268486,10452,268486,10.936.405,280.929.168,3.893,226973,4954,1120033,1.171.941.696,171548,179.499,1962,2.053,,,,
105,2021-02-06,Brazil,PE,TOTAL,29,10481,1451,269937,10481,269937,10.966.749,282.447.415,3.883,226973,4954,1120033,1.171.941.696,189175,197.942,2527,2.644,,,,
106,2021-02-07,Brazil,PE,TOTAL,13,10494,864,270801,10494,270801,10.980.352,283.351.458,3.875,226973,4954,1120033,1.171.941.696,189362,198.138,2648,2.771,,,,
106,2021-02-08,Brazil,PE,TOTAL,14,10508,741,271542,10508,271542,10.995.000,284.126.800,3.870,226973,4954,1120033,1.171.941.696,195191,204.237,5350,5.598,,,,
106,2021-02-09,Brazil,PE,TOTAL,38,10546,1736,273278,10546,273278,11.034.762,285.943.256,3.859,233504,2347,1134608,1.187.192.185,199604,208.855,7460,7.806,,,,
106,2021-02-10,Brazil,PE,TOTAL,31,10577,1531,274809,10577,274809,11.067.198,287.545.211,3.849,233504,2347,1134608,1.187.192.185,205164,214.672,15297,16.006,,,,
106,2021-02-11,Brazil,PE,TOTAL,20,10597,1643,276452,10597,276452,11.088.125,289.264.357,3.833,233504,2347,1134608,1.187.192.185,211961,221.784,18412,19.265,,,,
106,2021-02-12,Brazil,PE,TOTAL,24,10621,1380,277832,10621,277832,11.113.238,290.708.314,3.823,237018,2347,1148753,1.201.992.744,220728,230.958,26924,28.172,,,,
106,2021-02-13,Brazil,PE,TOTAL,23,10644,1805,279637,10644,279637,11.137.303,292.596.968,3.806,240595,2347,1159324,1.213.053.665,223082,233.421,30433,31.843,,,,
107,2021-02-14,Brazil,PE,TOTAL,18,10662,891,280528,10662,280528,11.156.138,293.529.262,3.801,240595,2347,1159324,1.213.053.665,223207,233.552,31462,32.920,,,,
107,2021-02-15,Brazil,PE,TOTAL,15,10677,803,281331,10677,281331,11.171.833,294.369.478,3.795,240595,2239,1159324,1.213.053.665,227385,237.923,36853,38.561,,,,
107,2021-02-16,Brazil,PE,TOTAL,34,10711,1582,282913,10711,282913,11.207.409,296.024.797,3.786,240595,2239,1159324,1.213.053.665,229060,239.676,43804,45.834,,,,
107,2021-02-17,Brazil,PE,TOTAL,33,10744,1927,284840,10744,284840,11.241.938,298.041.105,3.772,244942,2239,1169728,1.223.939.845,234010,244.855,52376,54.803,,,,
107,2021-02-18,Brazil,PE,TOTAL,36,10780,2226,287066,10780,287066,11.279.606,300.370.270,3.755,247456,2239,1169728,1.223.939.845,251570,263.229,57650,60.322,,,,
107,2021-02-19,Brazil,PE,TOTAL,24,10804,1358,288424,10804,288424,11.304.719,301.791.208,3.746,248691,2239,1169728,1.223.939.845,257019,268.931,66008,69.067,,,,
107,2021-02-20,Brazil,PE,TOTAL,35,10839,1132,289556,10839,289556,11.341.341,302.975.671,3.743,249822,2239,1189245,1.244.361.374,258440,270.418,69870,73.108,,,,
108,2021-02-21,Brazil,PE,TOTAL,10,10849,944,290500,10849,290500,11.351.804,303.963.421,3.735,249822,2239,1189245,1.244.361.374,259031,271.036,70894,74.180,,,,
108,2021-02-22,Brazil,PE,TOTAL,14,10863,689,291189,10863,291189,11.366.453,304.684.354,3.731,249822,2908,1189245,1.244.361.374,264973,277.253,76213,79.745,,,,
108,2021-02-23,Brazil,PE,TOTAL,24,10887,1724,292913,10887,292913,11.391.565,306.488.254,3.717,252799,2908,1200709,1.256.356.681,268846,281.306,85286,89.239,,,,
108,2021-02-24,Brazil,PE,TOTAL,24,10911,1566,294479,10911,294479,11.416.678,308.126.831,3.705,252799,2908,1200709,1.256.356.681,274376,287.092,92391,96.673,,,,
108,2021-02-25,Brazil,PE,TOTAL,15,10926,1202,295681,10926,295681,11.432.373,309.384.538,3.695,254810,2908,1205122,1.260.974.204,277598,290.463,97877,102.413,,,,
108,2021-02-26,Brazil,PE,TOTAL,19,10945,1723,297404,10945,297404,11.452.254,311.187.392,3.680,254810,2908,1205122,1.260.974.204,321000,335.877,120152,125.721,,,,
108,2021-02-27,Brazil,PE,TOTAL,29,10974,1455,298859,10974,298859,11.482.598,312.709.825,3.672,257881,2908,1223760,1.280.475.995,289930,303.367,108020,113.026,,,,
109,2021-02-28,Brazil,PE,TOTAL,22,10996,616,299475,10996,299475,11.505.617,313.354.374,3.672,257881,2908,1223760,1.280.475.995,290594,304.062,108969,114.019,,,,
109,2021-03-01,Brazil,PE,TOTAL,11,11007,629,300104,11007,300104,11.517.127,314.012.525,3.668,257881,4036,1223760,1.280.475.995,305012,319.148,111622,116.795,,,,
109,2021-03-02,Brazil,PE,TOTAL,23,11030,1330,301434,11030,301434,11.541.193,315.404.165,3.659,259687,4036,1235853,1.293.129.454,317513,332.228,114291,119.588,,,,
109,2021-03-03,Brazil,PE,TOTAL,38,11068,1613,303047,11068,303047,11.580.954,317.091.921,3.652,259687,4036,1235853,1.293.129.454,332497,347.907,117252,122.686,,,,
109,2021-03-04,Brazil,PE,TOTAL,22,11090,1685,304732,11090,304732,11.603.974,318.855.013,3.639,261154,4036,1241263,1.298.790.184,347573,363.682,120038,125.601,,,,
109,2021-03-05,Brazil,PE,TOTAL,29,11119,1588,306320,11119,306320,11.634.318,320.516.610,3.630,263727,4036,1241263,1.298.790.184,353440,369.820,127615,133.529,,,,
109,2021-03-06,Brazil,PE,TOTAL,34,11153,1664,307984,11153,307984,11.669.893,322.257.729,3.621,263727,4036,1241263,1.298.790.184,364212,381.092,134400,140.629,,,,
110,2021-03-07,Brazil,PE,TOTAL,20,11173,300,308284,11173,308284,11.690.820,322.571.633,3.624,264957,4036,1263355,1.321.906.053,368520,385.599,137129,143.484,,,,
110,2021-03-08,Brazil,PE,TOTAL,34,11207,373,308657,11207,308657,11.726.396,322.961.920,3.631,265200,4036,1263355,1.321.906.053,381061,398.722,142080,148.665,,,,
110,2021-03-09,Brazil,PE,TOTAL,17,11224,1319,309976,11224,309976,11.744.184,324.342.050,3.621,265200,4036,1263355,1.321.906.053,397649,416.078,147259,154.084,,,,
110,2021-03-10,Brazil,PE,TOTAL,22,11246,1582,311558,11246,311558,11.767.204,325.997.369,3.610,267569,4036,1284054,1.343.564.362,402826,421.495,151061,158.062,,,,
110,2021-03-11,Brazil,PE,TOTAL,23,11269,1669,313227,11269,313227,11.791.270,327.743.720,3.598,267569,4036,1284054,1.343.564.362,419432,438.871,151061,158.062,,,,
110,2021-03-12,Brazil,PE,TOTAL,49,11318,1566,314793,11318,314793,11.842.540,329.382.297,3.595,270462,4036,1284054,1.343.564.362,432557,452.604,160983,168.444,,,,
110,2021-03-13,Brazil,PE,TOTAL,39,11357,1631,316424,11357,316424,11.883.348,331.088.887,3.589,270462,4036,1284054,1.343.564.362,436374,456.598,163134,170.695,,,,
111,2021-03-14,Brazil,PE,TOTAL,26,11383,1104,317528,11383,317528,11.910.553,332.244.053,3.585,275105,4916,1284054,1.343.564.362,441346,461.800,163867,171.462,,,,
111,2021-03-15,Brazil,PE,TOTAL,28,11411,921,318449,11411,318449,11.939.851,333.207.737,3.583,275105,4916,1314415,1.375.332.463,457496,478.699,169102,176.939,,,,
111,2021-03-16,Brazil,PE,TOTAL,60,11471,2482,320931,11471,320931,12.002.631,335.804.767,3.574,275733,4916,1314415,1.375.332.463,471077,492.909,171747,179.707,,,,
111,2021-03-17,Brazil,PE,TOTAL,39,11510,2245,323176,11510,323176,12.043.439,338.153.813,3.562,275733,4904,1314415,1.375.332.463,479348,501.564,175180,183.299,,,,
111,2021-03-18,Brazil,PE,TOTAL,53,11563,2139,325315,11563,325315,12.098.895,340.391.946,3.554,278825,4904,1337416,1.399.399.460,489363,512.043,179271,187.579,,,,
111,2021-03-19,Brazil,PE,TOTAL,51,11614,2211,327526,11614,327526,12.152.259,342.705.417,3.546,278825,4904,1337416,1.399.399.460,496204,519.201,180408,188.769,,,,
111,2021-03-20,Brazil,PE,TOTAL,24,11638,2107,329633,11638,329633,12.177.371,344.910.067,3.531,278825,4904,1337416,1.399.399.460,498772,521.888,180576,188.945,,,,
112,2021-03-21,Brazil,PE,TOTAL,23,11661,1016,330649,11661,330649,12.201.437,345.973.154,3.527,278825,9834,1337416,1.399.399.460,508799,532.380,185744,194.352,,,,
112,2021-03-22,Brazil,PE,TOTAL,37,11698,677,331326,11698,331326,12.240.152,346.681.530,3.531,282616,9834,1337416,1.399.399.460,521075,545.225,190237,199.054,,,,
112,2021-03-23,Brazil,PE,TOTAL,64,11762,2172,333498,11762,333498,12.307.118,348.954.193,3.527,282616,9834,1337416,1.399.399.460,542935,568.098,191426,200.298,,,,
112,2021-03-24,Brazil,PE,TOTAL,45,11807,2738,336236,11807,336236,12.354.204,351.819.088,3.512,286781,9834,1382457,1.446.527.916,593985,621.514,195281,204.331,,,,
112,2021-03-25,Brazil,PE,TOTAL,46,11853,2786,339022,11853,339022,12.402.335,354.734.207,3.496,286781,7504,1382457,1.446.527.916,615010,643.513,204853,214.347,,,,
112,2021-03-26,Brazil,PE,TOTAL,62,11915,2227,341249,11915,341249,12.467.209,357.064.419,3.492,289968,7504,1390131,1.454.557.573,668535,699.519,208988,218.674,,,,
112,2021-03-27,Brazil,PE,TOTAL,60,11975,2157,343406,11975,343406,12.529.990,359.321.386,3.487,291303,7504,1390131,1.454.557.573,668535,699.519,208988,218.674,,,,
113,2021-03-28,Brazil,PE,TOTAL,31,12006,771,344177,12006,344177,12.562.426,360.128.119,3.488,291303,7504,1390131,1.454.557.573,717391,750.639,215593,225.585,,,,
113,2021-03-29,Brazil,PE,TOTAL,38,12044,390,344567,12044,344567,12.602.187,360.536.194,3.495,291303,7489,1390131,1.454.557.573,746104,780.683,223636,234.001,,,,
113,2021-03-30,Brazil,PE,TOTAL,74,12118,2233,346800,12118,346800,12.679.617,362.872.683,3.494,293723,7489,1390131,1.454.557.573,775526,811.468,229971,240.629,,,,
113,2021-03-31,Brazil,PE,TOTAL,57,12175,2431,349231,12175,349231,12.739.259,365.416.350,3.486,293723,7489,1390131,1.454.557.573,840379,879.327,235246,246.149,,,,
113,2021-04-01,Brazil,PE,TOTAL,74,12249,2987,352218,12249,352218,12.816.688,368.541.784,3.478,298206,7489,1390131,1.454.557.573,864211,904.263,240794,251.954,,,,
113,2021-04-02,Brazil,PE,TOTAL,46,12295,1779,353997,12295,353997,12.864.820,370.403.233,3.473,298206,7489,1390131,1.454.557.573,883435,924.378,245875,257.270,,,,
113,2021-04-03,Brazil,PE,TOTAL,54,12349,985,354982,12349,354982,12.921.323,371.433.884,3.479,298206,5720,1390131,1.454.557.573,892645,934.015,246792,258.230,,,,
114,2021-04-04,Brazil,PE,TOTAL,28,12377,635,355617,12377,355617,12.950.621,372.098.313,3.480,298206,5720,1390131,1.454.557.573,893348,934.751,246844,258.284,,,,
114,2021-04-05,Brazil,PE,TOTAL,44,12421,709,356326,12421,356326,12.996.660,372.840.172,3.486,298206,5720,1390131,1.454.557.573,910871,953.086,259610,271.642,,,,
114,2021-04-06,Brazil,PE,TOTAL,58,12479,2179,358505,12479,358505,13.057.348,375.120.160,3.481,303491,5720,1390131,1.454.557.573,943558,987.288,267679,280.085,,,,
114,2021-04-07,Brazil,PE,TOTAL,62,12541,2965,361470,12541,361470,13.122.221,378.222.575,3.469,303491,5720,1470815,1.538.980.928,977207,1.022.496,277355,290.209,,,,
114,2021-04-08,Brazil,PE,TOTAL,82,12623,2884,364354,12623,364354,13.208.022,381.240.236,3.464,307902,5046,1493167,1.562.368.847,991876,1.037.845,282378,295.465,,,,
114,2021-04-09,Brazil,PE,TOTAL,63,12686,1992,366346,12686,366346,13.273.941,383.324.556,3.463,307902,5046,1493167,1.562.368.847,1029180,1.076.878,297896,311.702,,,,
114,2021-04-10,Brazil,PE,TOTAL,58,12744,2354,368700,12744,368700,13.334.629,385.787.654,3.456,307902,5046,1493167,1.562.368.847,1038111,1.086.223,305495,319.653,,,,
115,2021-04-11,Brazil,PE,TOTAL,59,12803,787,369487,12803,369487,13.396.364,386.611.128,3.465,312018,5046,1493167,1.562.368.847,1070518,1.120.132,315179,329.786,,,,
115,2021-04-12,Brazil,PE,TOTAL,34,12837,738,370225,12837,370225,13.431.940,387.383.331,3.467,312018,5046,1493167,1.562.368.847,1086058,1.136.392,322955,337.923,,,,
115,2021-04-13,Brazil,PE,TOTAL,68,12905,2531,372756,12905,372756,13.503.091,390.031.632,3.462,315417,5046,1493167,1.562.368.847,1104112,1.155.283,331119,346.465,,,,
115,2021-04-14,Brazil,PE,TOTAL,83,12988,2359,375115,12988,375115,13.589.938,392.499.962,3.462,315417,8487,1493167,1.562.368.847,1129171,1.181.503,355911,372.406,,,,
115,2021-04-15,Brazil,PE,TOTAL,63,13051,1868,376983,13051,376983,13.655.858,394.454.535,3.462,319407,8487,1493167,1.562.368.847,1144274,1.197.306,375273,392.665,,,,
115,2021-04-16,Brazil,PE,TOTAL,51,13102,1869,378852,13102,378852,13.709.221,396.410.155,3.458,319407,8487,1493167,1.562.368.847,1156508,1.210.107,396025,414.379,,,,
115,2021-04-17,Brazil,PE,TOTAL,77,13179,1966,380818,13179,380818,13.789.790,398.467.271,3.461,319407,8487,1493167,1.562.368.847,1161868,1.215.716,404674,423.429,,,,
116,2021-04-18,Brazil,PE,TOTAL,33,13212,1346,382164,13212,382164,13.824.319,399.875.652,3.457,324576,8487,1493167,1.562.368.847,1165159,1.219.159,410094,429.100,,,,
116,2021-04-19,Brazil,PE,TOTAL,36,13248,1020,383184,13248,383184,13.861.988,400.942.925,3.457,324576,8487,1493167,1.562.368.847,1179157,1.233.806,425092,444.793,,,,
116,2021-04-20,Brazil,PE,TOTAL,69,13317,2843,386027,13317,386027,13.934.185,403.917.686,3.450,324576,8487,1493167,1.562.368.847,1208621,1.264.635,451973,472.920,,,,
116,2021-04-21,Brazil,PE,TOTAL,63,13380,2480,388507,13380,388507,14.000.105,406.512.623,3.444,324576,8487,1493167,1.562.368.847,1221859,1.278.487,469830,491.605,,,,
116,2021-04-22,Brazil,PE,TOTAL,45,13425,1202,389709,13425,389709,14.047.191,407.770.330,3.445,330763,8487,1493167,1.562.368.847,1239014,1.296.437,489701,512.397,,,,
116,2021-04-23,Brazil,PE,TOTAL,99,13524,2031,391740,13524,391740,14.150.779,409.895.459,3.452,330763,8487,1493167,1.562.368.847,1266573,1.325.273,516526,540.465,,,,
116,2021-04-24,Brazil,PE,TOTAL,46,13570,2089,393829,13570,393829,14.198.911,412.081.275,3.446,330763,8487,1493167,1.562.368.847,1271168,1.330.081,525352,549.700,,,,
117,2021-04-25,Brazil,PE,TOTAL,70,13640,1734,395563,13640,395563,14.272.155,413.895.638,3.448,330763,8487,1493167,1.562.368.847,1278381,1.337.628,534743,559.526,,,,
117,2021-04-26,Brazil,PE,TOTAL,47,13687,1278,396841,13687,396841,14.321.333,415.232.868,3.449,330763,8487,1493167,1.562.368.847,1297212,1.357.332,570772,597.225,,,,
117,2021-04-27,Brazil,PE,TOTAL,75,13762,2596,399437,13762,399437,14.399.809,417.949.181,3.445,335815,8487,1493167,1.562.368.847,1313396,1.374.266,594578,622.134,,,,
117,2021-04-28,Brazil,PE,TOTAL,106,13868,2720,402157,13868,402157,14.510.722,420.795.242,3.448,335815,8487,1493167,1.562.368.847,1337078,1.399.046,622925,651.795,,,,
117,2021-04-29,Brazil,PE,TOTAL,99,13967,2511,404668,13967,404668,14.614.310,423.422.616,3.451,343063,8487,1493167,1.562.368.847,1352508,1.415.191,643568,673.395,,,,
117,2021-04-30,Brazil,PE,TOTAL,71,14038,1917,406585,14038,406585,14.688.601,425.428.460,3.453,345538,8487,1493167,1.562.368.847,1364884,1.428.140,657713,688.195,,,,
117,2021-05-01,Brazil,PE,TOTAL,90,14128,2178,408763,14128,408763,14.782.772,427.707.401,3.456,345538,18332,1493167,1.562.368.847,1372295,1.435.895,665472,696.314,,,,
118,2021-05-02,Brazil,PE,TOTAL,52,14180,730,409493,14180,409493,14.837.182,428.471.233,3.463,345538,18332,1653494,1.730.126.312,1374288,1.437.980,666439,697.326,,,,
118,2021-05-03,Brazil,PE,TOTAL,26,14206,960,410453,14206,410453,14.864.387,429.475.725,3.461,348230,18332,1653494,1.730.126.312,1385324,1.449.528,675171,706.462,,,,
118,2021-05-04,Brazil,PE,TOTAL,73,14279,2333,412786,14279,412786,14.940.770,431.916.850,3.459,348230,18332,1653494,1.730.126.312,1399072,1.463.913,694861,727.065,,,,
118,2021-05-05,Brazil,PE,TOTAL,54,14333,2143,414929,14333,414929,14.997.273,434.159.169,3.454,348230,18332,1653494,1.730.126.312,1424532,1.490.553,709781,742.676,,,,
118,2021-05-06,Brazil,PE,TOTAL,52,14385,3074,418003,14385,418003,15.051.683,437.375.635,3.441,348230,18332,1653494,1.730.126.312,1437847,1.504.485,716972,750.201,,,,
118,2021-05-07,Brazil,PE,TOTAL,49,14434,2763,420766,14434,420766,15.102.954,440.266.688,3.430,357854,18332,1697467,1.776.137.271,1457013,1.524.539,724444,758.019,,,,
118,2021-05-08,Brazil,PE,TOTAL,57,14491,2923,423689,14491,423689,15.162.595,443.325.157,3.420,357854,18332,1697467,1.776.137.271,1467963,1.535.997,727581,761.301,,,,
119,2021-05-09,Brazil,PE,TOTAL,27,14518,893,424582,14518,424582,15.190.847,444.259.544,3.419,357854,18332,1697467,1.776.137.271,1474984,1.543.343,729936,763.765,,,,
119,2021-05-10,Brazil,PE,TOTAL,32,14550,1828,426410,14550,426410,15.224.330,446.172.263,3.412,357854,18332,1697467,1.776.137.271,1488141,1.557.110,733002,766.973,,,,
119,2021-05-11,Brazil,PE,TOTAL,89,14639,2777,429187,14639,429187,15.317.454,449.077.965,3.411,366511,18332,1697467,1.776.137.271,1501806,1.571.408,756848,791.925,,,,
119,2021-05-12,Brazil,PE,TOTAL,80,14719,2426,431613,14719,431613,15.401.162,451.616.400,3.410,366511,18332,1697467,1.776.137.271,1525967,1.596.689,774333,810.220,,,,
119,2021-05-13,Brazil,PE,TOTAL,79,14798,3195,434808,14798,434808,15.483.823,454.959.475,3.403,366511,18332,1697467,1.776.137.271,1539156,1.610.489,784869,821.244,,,,
119,2021-05-14,Brazil,PE,TOTAL,43,14841,2975,437783,14841,437783,15.528.816,458.072.353,3.390,366511,18332,1697467,1.776.137.271,1550139,1.621.981,789207,825.783,,,,
119,2021-05-15,Brazil,PE,TOTAL,65,14906,2894,440677,14906,440677,15.596.829,461.100.477,3.383,366511,13822,1697467,1.776.137.271,1554621,1.626.671,792664,829.401,,,,
120,2021-05-16,Brazil,PE,TOTAL,43,14949,1686,442363,14949,442363,15.641.822,462.864.616,3.379,366511,13822,1697467,1.776.137.271,1561620,1.633.994,798682,835.697,,,,
120,2021-05-17,Brazil,PE,TOTAL,31,14980,701,443064,14980,443064,15.674.258,463.598.104,3.381,376031,13822,1697467,1.776.137.271,1575399,1.648.412,804108,841.375,,,,
120,2021-05-18,Brazil,PE,TOTAL,68,15048,3029,446093,15048,446093,15.745.410,466.767.486,3.373,376031,13822,1767867,1.849.800.007,1589775,1.663.454,817304,855.183,,,,
120,2021-05-19,Brazil,PE,TOTAL,79,15127,3440,449533,15127,449533,15.828.071,470.366.915,3.365,381891,13822,1767867,1.849.800.007,1607529,1.682.031,828877,867.292,,,,
120,2021-05-20,Brazil,PE,TOTAL,65,15192,3188,452721,15192,452721,15.896.084,473.702.665,3.356,381891,13822,1767867,1.849.800.007,1622982,1.698.200,836497,875.265,,,,
120,2021-05-21,Brazil,PE,TOTAL,66,15258,3969,456690,15258,456690,15.965.142,477.855.611,3.341,381891,13822,1767867,1.849.800.007,1654392,1.731.066,858297,898.075,,,,
120,2021-05-22,Brazil,PE,TOTAL,67,15325,3589,460279,15325,460279,16.035.248,481.610.945,3.330,381891,13822,1767867,1.849.800.007,1659397,1.736.303,862049,902.001,,,,
121,2021-05-23,Brazil,PE,TOTAL,40,15365,2089,462368,15365,462368,16.077.101,483.796.762,3.323,381891,13822,1767867,1.849.800.007,1670944,1.748.385,865625,905.743,,,,
121,2021-05-24,Brazil,PE,TOTAL,28,15393,1368,463736,15393,463736,16.106.399,485.228.162,3.319,381891,13822,1767867,1.849.800.007,1688227,1.766.469,874824,915.368,,,,
121,2021-05-25,Brazil,PE,TOTAL,72,15465,3533,467269,15465,467269,16.181.736,488.924.902,3.310,381891,13822,1767867,1.849.800.007,1702710,1.781.623,881318,922.163,,,,
121,2021-05-26,Brazil,PE,TOTAL,59,15524,2794,470063,15524,470063,16.243.470,491.848.392,3.303,381891,13822,1767867,1.849.800.007,1721929,1.801.733,892668,934.039,,,,
121,2021-05-27,Brazil,PE,TOTAL,71,15595,2527,472590,15595,472590,16.317.761,494.492.507,3.300,394630,13822,1767867,1.849.800.007,1751942,1.833.137,904282,946.192,,,,
121,2021-05-28,Brazil,PE,TOTAL,62,15657,736,473326,15657,473326,16.382.634,495.262.618,3.308,394630,13822,1767867,1.849.800.007,1767945,1.849.882,911592,953.840,,,,
121,2021-05-29,Brazil,PE,TOTAL,85,15742,5576,478902,15742,478902,16.471.574,501.097.041,3.287,394630,13822,1767867,1.849.800.007,1803382,1.886.961,915597,958.031,,,,
122,2021-05-30,Brazil,PE,TOTAL,65,15807,2168,481070,15807,481070,16.539.586,503.365.519,3.286,394630,13822,1767867,1.849.800.007,1808484,1.892.299,924311,967.149,,,,
122,2021-05-31,Brazil,PE,TOTAL,55,15862,1087,482157,15862,482157,16.597.135,504.502.896,3.290,394630,16592,1767867,1.849.800.007,1827580,1.912.280,928086,971.099,,,,
122,2021-06-01,Brazil,PE,TOTAL,78,15940,3437,485594,15940,485594,16.678.750,508.099.186,3.283,402711,16592,1767867,1.849.800.007,1849480,1.935.195,931058,974.209,,,,
122,2021-06-02,Brazil,PE,TOTAL,73,16013,3551,489145,16013,489145,16.755.133,511.814.760,3.274,402711,16592,1767867,1.849.800.007,1879105,1.966.193,935359,978.709,,,,
122,2021-06-03,Brazil,PE,TOTAL,84,16097,3649,492794,16097,492794,16.843.026,515.632.875,3.266,402711,16592,1767867,1.849.800.007,1925294,2.014.523,937272,980.711,,,,
122,2021-06-04,Brazil,PE,TOTAL,52,16149,644,493438,16149,493438,16.897.436,516.306.722,3.273,402711,16592,1767867,1.849.800.007,1957687,2.048.417,941047,984.660,,,,
122,2021-06-05,Brazil,PE,TOTAL,94,16243,4468,497906,16243,497906,16.995.793,520.981.795,3.262,413346,16592,1767867,1.849.800.007,1991918,2.084.235,945060,988.859,,,,
123,2021-06-06,Brazil,PE,TOTAL,49,16292,1666,499572,16292,499572,17.047.064,522.725.006,3.261,414367,16592,1767867,1.849.800.007,2012193,2.105.449,945710,989.540,,,,
123,2021-06-07,Brazil,PE,TOTAL,65,16357,1249,500821,16357,500821,17.115.076,524.031.892,3.266,414367,16592,1767867,1.849.800.007,2039969,2.134.513,951748,995.857,,,,
123,2021-06-08,Brazil,PE,TOTAL,111,16468,1876,502697,16468,502697,17.231.221,525.994.837,3.276,414367,16592,1767867,1.849.800.007,2135181,2.234.137,964679,1.009.388,,,,
123,2021-06-09,Brazil,PE,TOTAL,81,16549,6487,509184,16549,509184,17.315.975,532.782.481,3.250,416397,16592,1767867,1.849.800.007,2197717,2.299.572,972201,1.017.258,,,,
123,2021-06-10,Brazil,PE,TOTAL,65,16614,2645,511829,16614,511829,17.383.987,535.550.065,3.246,416397,16592,1767867,1.849.800.007,2263860,2.368.780,980527,1.025.970,,,,
123,2021-06-11,Brazil,PE,TOTAL,87,16701,3715,515544,16701,515544,17.475.019,539.437.240,3.239,416397,16592,1767867,1.849.800.007,2322617,2.430.260,994098,1.040.170,,,,
123,2021-06-12,Brazil,PE,TOTAL,79,16780,2877,518421,16780,518421,17.557.681,542.447.576,3.237,416397,16592,1767867,1.849.800.007,2371755,2.481.676,995998,1.042.158,,,,
124,2021-06-13,Brazil,PE,TOTAL,48,16828,1156,519577,16828,519577,17.607.905,543.657.152,3.239,432119,16592,1954471,2.045.052.297,2371755,2.481.676,995998,1.042.158,,,,
124,2021-06-14,Brazil,PE,TOTAL,32,16860,1117,520694,16860,520694,17.641.388,544.825.920,3.238,432119,16592,1954471,2.045.052.297,2450776,2.564.359,1001355,1.047.763,,,,
124,2021-06-15,Brazil,PE,TOTAL,72,16932,3622,524316,16932,524316,17.716.725,548.615.784,3.229,432119,16592,1954471,2.045.052.297,2552707,2.671.014,1006570,1.053.220,,,,
124,2021-06-16,Brazil,PE,TOTAL,58,16990,2647,526963,16990,526963,17.777.413,551.385.461,3.224,438357,16592,1954471,2.045.052.297,2612701,2.733.788,1011614,1.058.498,,,,
124,2021-06-17,Brazil,PE,TOTAL,79,17069,3114,530077,17069,530077,17.860.074,554.643.782,3.220,438357,11352,1974131,2.065.623.453,2676182,2.800.211,1018522,1.065.726,,,,
124,2021-06-18,Brazil,PE,TOTAL,70,17139,3118,533195,17139,533195,17.933.319,557.906.287,3.214,438357,11352,1974131,2.065.623.453,2731842,2.858.451,1022596,1.069.989,,,,
124,2021-06-19,Brazil,PE,TOTAL,77,17216,2512,535707,17216,535707,18.013.887,560.534.708,3.214,449231,11352,1974131,2.065.623.453,2760480,2.888.416,1024117,1.071.580,,,,
125,2021-06-20,Brazil,PE,TOTAL,38,17254,964,536671,17254,536671,18.053.648,561.543.385,3.215,449231,11352,1974131,2.065.623.453,2788126,2.917.344,1025349,1.072.870,,,,
125,2021-06-21,Brazil,PE,TOTAL,27,17281,805,537476,17281,537476,18.081.900,562.385.693,3.215,449231,11352,1974131,2.065.623.453,2810821,2.941.090,1038870,1.087.017,,,,
125,2021-06-22,Brazil,PE,TOTAL,62,17343,2339,539815,17343,539815,18.146.773,564.833.096,3.213,454676,11352,1974131,2.065.623.453,2854799,2.987.107,1044342,1.092.743,,,,
125,2021-06-23,Brazil,PE,TOTAL,64,17407,2358,542173,17407,542173,18.213.739,567.300.379,3.211,454676,11352,1974131,2.065.623.453,2916269,3.051.425,1053806,1.102.645,,,,
125,2021-06-24,Brazil,PE,TOTAL,56,17463,1391,543564,17463,543564,18.272.335,568.755.846,3.213,454676,11352,1974131,2.065.623.453,2947640,3.084.250,1056024,1.104.966,,,,
125,2021-06-25,Brazil,PE,TOTAL,24,17487,716,544280,17487,544280,18.297.447,569.505.029,3.213,454676,11352,1974131,2.065.623.453,2955158,3.092.117,1058157,1.107.198,,,,
125,2021-06-26,Brazil,PE,TOTAL,39,17526,1410,545690,17526,545690,18.338.254,570.980.377,3.212,454676,11352,1974131,2.065.623.453,2986015,3.124.404,1059535,1.108.640,,,,
126,2021-06-27,Brazil,PE,TOTAL,25,17551,847,546537,17551,546537,18.364.413,571.866.632,3.211,454676,11352,1974131,2.065.623.453,2997227,3.136.136,1060136,1.109.269,3332,3.486,,
126,2021-06-28,Brazil,PE,TOTAL,28,17579,599,547136,17579,547136,18.393.711,572.493.393,3.213,454676,11352,1974131,2.065.623.453,3021413,3.161.442,1061914,1.111.129,5905,6.179,,
126,2021-06-29,Brazil,PE,TOTAL,61,17640,2181,549317,17640,549317,18.457.538,574.775.473,3.211,454676,11352,1974131,2.065.623.453,3044157,3.185.241,1067602,1.117.081,28190,29.496,,
126,2021-06-30,Brazil,PE,TOTAL,45,17685,975,550292,17685,550292,18.504.623,575.795.660,3.214,454676,11352,1974131,2.065.623.453,3071018,3.213.346,1072768,1.122.486,46082,48.218,,
126,2021-07-01,Brazil,PE,TOTAL,35,17720,1997,552289,17720,552289,18.541.246,577.885.212,3.208,467422,11352,2056126,2.151.418.567,3099056,3.242.684,1078714,1.128.708,51553,53.942,,
126,2021-07-02,Brazil,PE,TOTAL,46,17766,2399,554688,17766,554688,18.589.377,580.395.395,3.203,467422,11352,2056126,2.151.418.567,3153659,3.299.817,1084278,1.134.530,52434,54.864,,
126,2021-07-03,Brazil,PE,TOTAL,75,17841,2605,557293,17841,557293,18.667.853,583.121.126,3.201,467422,11352,2056126,2.151.418.567,3180436,3.327.835,1085612,1.135.925,57482,60.146,,
127,2021-07-04,Brazil,PE,TOTAL,31,17872,1405,558698,17872,558698,18.700.290,584.591.241,3.199,475280,11352,2056126,2.151.418.567,3225358,3.374.839,1087413,1.137.810,61179,64.014,,
127,2021-07-05,Brazil,PE,TOTAL,36,17908,660,559358,17908,559358,18.737.959,585.281.830,3.202,475280,11352,2056126,2.151.418.567,3245196,3.395.597,1091572,1.142.162,61674,64.532,,
127,2021-07-06,Brazil,PE,TOTAL,45,17953,2147,561505,17953,561505,18.785.044,587.528.334,3.197,475280,2263,2056126,2.151.418.567,3260510,3.411.621,1097846,1.148.726,70579,73.850,,
127,2021-07-07,Brazil,PE,TOTAL,26,17979,1759,563264,17979,563264,18.812.249,589.368.856,3.192,475280,2263,2056126,2.151.418.567,3302248,3.455.293,1102599,1.153.700,87657,91.720,,
127,2021-07-08,Brazil,PE,TOTAL,44,18023,1525,564789,18023,564789,18.858.288,590.964.533,3.191,475280,2263,2056126,2.151.418.567,3366734,3.522.768,1109573,1.160.997,107963,112.967,,
127,2021-07-09,Brazil,PE,TOTAL,45,18068,2190,566979,18068,566979,18.905.374,593.256.030,3.187,475280,2263,2056126,2.151.418.567,3423872,3.582.554,1118232,1.170.057,127994,133.926,,
127,2021-07-10,Brazil,PE,TOTAL,32,18100,1961,568940,18100,568940,18.938.857,595.307.914,3.181,488843,2263,2056126,2.151.418.567,3559632,3.724.606,1126777,1.178.998,143857,150.524,,
128,2021-07-11,Brazil,PE,TOTAL,10,18110,923,569863,18110,569863,18.949.320,596.273.691,3.178,489824,2263,2056126,2.151.418.567,3574642,3.740.311,1132223,1.184.697,147384,154.215,,
128,2021-07-12,Brazil,PE,TOTAL,21,18131,383,570246,18131,570246,18.971.294,596.674.441,3.180,489824,2263,2056126,2.151.418.567,3626598,3.794.675,1143979,1.196.997,149990,156.941,,
128,2021-07-13,Brazil,PE,TOTAL,35,18166,2290,572536,18166,572536,19.007.916,599.070.573,3.173,489824,2263,2056126,2.151.418.567,3665187,3.835.053,1162184,1.216.046,150338,157.306,,
128,2021-07-14,Brazil,PE,TOTAL,40,18206,2145,574681,18206,574681,19.049.770,601.314.984,3.168,489824,2263,2056126,2.151.418.567,3701335,3.872.876,1179606,1.234.276,153375,160.483,,
128,2021-07-15,Brazil,PE,TOTAL,29,18235,1184,575865,18235,575865,19.080.114,602.553.858,3.167,489824,2263,2056126,2.151.418.567,3735858,3.908.999,1199681,1.255.281,155786,163.006,,
128,2021-07-16,Brazil,PE,TOTAL,59,18294,1250,577115,18294,577115,19.141.848,603.861.790,3.170,497027,2263,2056126,2.151.418.567,3767873,3.942.498,1218318,1.274.782,158331,165.669,,
128,2021-07-17,Brazil,PE,TOTAL,10,18304,1333,578448,18304,578448,19.152.311,605.256.569,3.164,497027,2263,2056126,2.151.418.567,3784562,3.959.960,1230150,1.287.162,159200,166.578,,
129,2021-07-18,Brazil,PE,TOTAL,21,18325,638,579086,18325,579086,19.174.285,605.924.137,3.164,497027,2263,2056126,2.151.418.567,3794308,3.970.158,1233336,1.290.496,159328,166.712,,
129,2021-07-19,Brazil,PE,TOTAL,17,18342,339,579425,18342,579425,19.192.073,606.278.848,3.166,500584,2263,2056126,2.151.418.567,3826537,4.003.880,1258607,1.316.938,159997,167.412,,
129,2021-07-20,Brazil,PE,TOTAL,46,18388,354,579779,18388,579779,19.240.204,606.649.255,3.172,500584,2263,2056126,2.151.418.567,3855713,4.034.409,1275404,1.334.513,160309,167.739,,
129,2021-07-21,Brazil,PE,TOTAL,56,18444,1814,581593,18444,581593,19.298.800,608.547.326,3.171,500584,2263,2056126,2.151.418.567,3875457,4.055.068,1294858,1.354.869,161711,169.206,,
129,2021-07-22,Brazil,PE,TOTAL,58,18502,1256,582849,18502,582849,19.359.488,609.861.536,3.174,500584,2263,2056126,2.151.418.567,3931320,4.113.520,1314806,1.375.742,162549,170.082,,
129,2021-07-23,Brazil,PE,TOTAL,46,18548,1120,583969,18548,583969,19.407.620,611.033.443,3.176,500584,2263,2056126,2.151.418.567,3998422,4.183.732,1350253,1.412.831,163260,170.826,,
129,2021-07-24,Brazil,PE,TOTAL,51,18599,700,584669,18599,584669,19.460.983,611.765.885,3.181,508262,2263,2056126,2.151.418.567,4022910,4.209.355,1359739,1.422.757,163646,171.230,,
130,2021-07-25,Brazil,PE,TOTAL,17,18616,945,585614,18616,585614,19.478.771,612.754.682,3.179,508262,2263,2056126,2.151.418.567,4046216,4.233.741,1362846,1.426.008,163879,171.474,,
130,2021-07-26,Brazil,PE,TOTAL,13,18629,409,586023,18629,586023,19.492.374,613.182.637,3.179,508262,2263,2056126,2.151.418.567,4086431,4.275.819,1381834,1.445.876,164135,171.742,,
130,2021-07-27,Brazil,PE,TOTAL,36,18665,831,586854,18665,586854,19.530.042,614.052.150,3.181,508262,2263,2056126,2.151.418.567,4122083,4.313.124,1399686,1.464.555,164468,172.090,,
130,2021-07-28,Brazil,PE,TOTAL,37,18702,995,587849,18702,587849,19.568.757,615.093.264,3.181,508262,2263,2056126,2.151.418.567,4169393,4.362.626,1419543,1.485.333,164903,172.546,,
130,2021-07-29,Brazil,PE,TOTAL,34,18736,1038,588887,18736,588887,19.604.333,616.179.371,3.182,508262,2263,2056126,2.151.418.567,4198645,4.393.234,1440087,1.506.829,165241,172.899,,
130,2021-07-30,Brazil,PE,TOTAL,32,18768,956,589843,18768,589843,19.637.816,617.179.678,3.182,508262,2263,2056126,2.151.418.567,4237144,4.433.517,1454804,1.522.228,166300,174.007,,
130,2021-07-31,Brazil,PE,TOTAL,16,18784,942,590785,18784,590785,19.654.557,618.165.335,3.179,508262,2263,2056126,2.151.418.567,4257452,4.454.767,1469314,1.537.410,166560,174.279,,
131,2021-08-01,Brazil,PE,TOTAL,24,18808,643,591428,18808,591428,19.679.670,618.838.136,3.180,508262,2263,2056126,2.151.418.567,4276014,4.474.189,1475072,1.543.435,166585,174.305,,
131,2021-08-02,Brazil,PE,TOTAL,14,18822,524,591952,18822,591952,19.694.318,619.386.421,3.180,508262,2263,2056126,2.151.418.567,4299426,4.498.686,1484522,1.553.323,166780,174.510,,
131,2021-08-03,Brazil,PE,TOTAL,35,18857,772,592724,18857,592724,19.730.941,620.194.200,3.181,508262,2263,2056126,2.151.418.567,4340662,4.541.833,1566381,1.638.976,167023,174.764,,
131,2021-08-04,Brazil,PE,TOTAL,42,18899,738,593462,18899,593462,19.774.887,620.966.403,3.185,508262,2263,2056126,2.151.418.567,4377651,4.580.536,1599341,1.673.464,167162,174.909,,
131,2021-08-05,Brazil,PE,TOTAL,42,18941,644,594106,18941,594106,19.818.834,621.640.249,3.188,520955,2263,2218686,2.321.512.522,4423202,4.628.198,1629297,1.704.808,167668,175.439,,
131,2021-08-06,Brazil,PE,TOTAL,26,18967,690,594796,18967,594796,19.846.039,622.362.228,3.189,520955,2263,2218686,2.321.512.522,4474709,4.682.092,1658716,1.735.590,167859,175.639,,
131,2021-08-07,Brazil,PE,TOTAL,38,19005,723,595519,19005,595519,19.885.800,623.118.736,3.191,520955,2263,2218686,2.321.512.522,4512665,4.721.808,1672280,1.749.783,168135,175.927,,
132,2021-08-08,Brazil,PE,TOTAL,11,19016,323,595842,19016,595842,19.897.310,623.456.706,3.191,520955,2263,2218686,2.321.512.522,4531487,4.741.502,1684368,1.762.431,168162,175.956,,
132,2021-08-09,Brazil,PE,TOTAL,12,19028,100,595942,19028,595942,19.909.866,623.561.340,3.193,520955,2263,2218686,2.321.512.522,4556669,4.767.851,1696662,1.775.295,168223,176.019,,
132,2021-08-10,Brazil,PE,TOTAL,44,19072,571,596513,19072,596513,19.955.905,624.158.803,3.197,524525,2263,2218686,2.321.512.522,4590028,4.802.756,1727429,1.807.488,168315,176.116,,
132,2021-08-11,Brazil,PE,TOTAL,29,19101,825,597338,19101,597338,19.986.249,625.022.039,3.198,524525,2263,2218686,2.321.512.522,4640896,4.855.982,1753132,1.834.382,169706,177.571,,
132,2021-08-12,Brazil,PE,TOTAL,16,19117,712,598050,19117,598050,20.002.990,625.767.037,3.197,524525,2263,2218686,2.321.512.522,4694068,4.911.618,1777064,1.859.423,169976,177.854,,
132,2021-08-13,Brazil,PE,TOTAL,18,19135,658,598708,19135,598708,20.021.825,626.455.532,3.196,524525,2263,2218686,2.321.512.522,4743212,4.963.039,1805418,1.889.091,169995,177.874,,
132,2021-08-14,Brazil,PE,TOTAL,17,19152,1294,600002,19152,600002,20.039.613,627.809.504,3.192,524525,2263,2218686,2.321.512.522,4785228,5.007.003,1824106,1.908.645,170286,178.178,,
133,2021-08-15,Brazil,PE,TOTAL,8,19160,290,600292,19160,600292,20.047.983,628.112.944,3.192,524525,2263,2218686,2.321.512.522,4795863,5.018.131,1828097,1.912.821,170408,178.306,,
133,2021-08-16,Brazil,PE,TOTAL,13,19173,200,600492,19173,600492,20.061.586,628.322.213,3.193,524525,2263,2218686,2.321.512.522,4842162,5.066.575,1862098,1.948.398,170638,178.546,,
133,2021-08-17,Brazil,PE,TOTAL,15,19188,584,601076,19188,601076,20.077.281,628.933.279,3.192,524525,2263,2218686,2.321.512.522,4901484,5.128.647,1904392,1.992.652,170912,178.833,,
133,2021-08-18,Brazil,PE,TOTAL,25,19213,898,601974,19213,601974,20.103.440,629.872.897,3.192,531276,2263,2218686,2.321.512.522,4952341,5.181.861,1939968,2.029.877,171795,179.757,,
133,2021-08-19,Brazil,PE,TOTAL,11,19224,533,602507,19224,602507,20.114.949,630.430.600,3.191,531276,2386,2218686,2.321.512.522,5000641,5.232.399,1986077,2.078.123,172037,180.010,,
133,2021-08-20,Brazil,PE,TOTAL,38,19262,550,603057,19262,603057,20.154.711,631.006.090,3.194,531276,2386,2218686,2.321.512.522,5056659,5.291.013,2033124,2.127.351,172492,180.486,,
133,2021-08-21,Brazil,PE,TOTAL,25,19287,477,603534,19287,603534,20.180.869,631.505.197,3.196,531276,2386,2218686,2.321.512.522,5089854,5.325.747,2058447,2.153.847,172671,180.674,,
134,2021-08-22,Brazil,PE,TOTAL,9,19296,179,603713,19296,603713,20.190.286,631.692.492,3.196,531276,2386,2218686,2.321.512.522,5109241,5.346.032,2067770,2.163.602,172712,180.716,,
134,2021-08-23,Brazil,PE,TOTAL,10,19306,114,603827,19306,603827,20.200.750,631.811.776,3.197,534599,2386,2218686,2.321.512.522,5131673,5.369.504,2081082,2.177.531,172981,180.998,,
134,2021-08-24,Brazil,PE,TOTAL,8,19314,504,604331,19314,604331,20.209.121,632.339.134,3.196,534599,2386,2218686,2.321.512.522,5177851,5.417.822,2138761,2.237.883,172987,181.004,,
134,2021-08-25,Brazil,PE,TOTAL,15,19329,660,604991,19329,604991,20.224.816,633.029.722,3.195,536047,2386,2218686,2.321.512.522,5253764,5.497.253,2175530,2.276.356,172991,181.008,,
134,2021-08-26,Brazil,PE,TOTAL,8,19337,527,605518,19337,605518,20.233.187,633.581.146,3.193,536047,2386,2218686,2.321.512.522,5305801,5.551.702,2203278,2.305.390,172991,181.008,,
134,2021-08-27,Brazil,PE,TOTAL,8,19345,486,606004,19345,606004,20.241.557,634.089.670,3.192,536047,2386,2218686,2.321.512.522,5394063,5.644.055,2234509,2.338.069,172991,181.008,,
134,2021-08-28,Brazil,PE,TOTAL,14,19359,435,606439,19359,606439,20.256.206,634.544.831,3.192,536047,2386,2218686,2.321.512.522,5411713,5.662.523,2248948,2.353.177,172991,181.008,,
135,2021-08-29,Brazil,PE,TOTAL,5,19364,231,606670,19364,606670,20.261.438,634.786.537,3.192,536047,2386,2218686,2.321.512.522,5427577,5.679.122,2256700,2.361.288,172991,181.008,,
135,2021-08-30,Brazil,PE,TOTAL,6,19370,351,607021,19370,607021,20.267.716,635.153.804,3.191,536047,2386,2218686,2.321.512.522,5479594,5.733.550,2280842,2.386.549,172991,181.008,,
135,2021-08-31,Brazil,PE,TOTAL,13,19383,508,607529,19383,607529,20.281.318,635.685.348,3.190,536047,2386,2218686,2.321.512.522,5525936,5.782.039,2324327,2.432.050,172991,181.008,,
135,2021-09-01,Brazil,PE,TOTAL,28,19411,1057,608586,19411,608586,20.310.616,636.791.335,3.190,536047,2386,2218686,2.321.512.522,5590053,5.849.128,2367706,2.477.439,172991,181.008,,
135,2021-09-02,Brazil,PE,TOTAL,14,19425,571,609157,19425,609157,20.325.265,637.388.798,3.189,536047,2386,2218686,2.321.512.522,5621700,5.882.242,2405269,2.516.743,172991,181.008,,
135,2021-09-03,Brazil,PE,TOTAL,20,19445,541,609698,19445,609698,20.346.192,637.954.871,3.189,542523,2386,2218686,2.321.512.522,5667073,5.929.717,2434623,2.547.457,172991,181.008,,
135,2021-09-04,Brazil,PE,TOTAL,6,19451,361,610059,19451,610059,20.352.470,638.332.602,3.188,542523,2386,2218686,2.321.512.522,5685410,5.948.904,2457418,2.571.309,172991,181.008,,
136,2021-09-05,Brazil,PE,TOTAL,11,19462,238,610297,19462,610297,20.363.980,638.581.632,3.189,542523,2386,2218686,2.321.512.522,5704329,5.968.700,2466232,2.580.531,172991,181.008,,
136,2021-09-06,Brazil,PE,TOTAL,7,19469,443,610740,19469,610740,20.371.304,639.045.164,3.188,542523,2386,2218686,2.321.512.522,5745434,6.011.710,2487645,2.602.937,172991,181.008,,
136,2021-09-07,Brazil,PE,TOTAL,7,19476,240,610980,19476,610980,20.378.629,639.296.286,3.188,542523,2386,2218686,2.321.512.522,5773679,6.041.264,2507700,2.623.921,172991,181.008,,
136,2021-09-08,Brazil,PE,TOTAL,9,19485,495,611475,19485,611475,20.388.046,639.814.228,3.187,542523,2386,2218686,2.321.512.522,5806394,6.075.495,2533208,2.650.611,172991,181.008,,
136,2021-09-09,Brazil,PE,TOTAL,12,19497,264,611739,19497,611739,20.400.602,640.090.463,3.187,542523,2386,2218686,2.321.512.522,5852094,6.123.313,2587433,2.707.349,172991,181.008,,
136,2021-09-10,Brazil,PE,TOTAL,14,19511,941,612680,19511,612680,20.415.251,641.075.074,3.185,542523,2386,2218686,2.321.512.522,5876384,6.148.729,2615611,2.736.833,172991,181.008,,
136,2021-09-11,Brazil,PE,TOTAL,18,19529,177,612857,19529,612857,20.434.085,641.260.277,3.187,547835,2386,2218686,2.321.512.522,5896074,6.169.332,2634553,2.756.653,172991,181.008,,
137,2021-09-12,Brazil,PE,TOTAL,10,19539,579,613436,19539,613436,20.444.548,641.866.111,3.185,547835,2386,2218686,2.321.512.522,5904173,6.177.806,2653700,2.776.688,172991,181.008,,
137,2021-09-13,Brazil,PE,TOTAL,13,19552,90,613526,19552,613526,20.458.151,641.960.283,3.187,547835,2386,2218686,2.321.512.522,5942401,6.217.806,2695366,2.820.285,172991,181.008,3,3
137,2021-09-14,Brazil,PE,TOTAL,8,19560,615,614141,19560,614141,20.466.522,642.603.785,3.185,547835,2386,2218686,2.321.512.522,5998742,6.276.758,2740350,2.867.353,172991,181.008,3,3
137,2021-09-15,Brazil,PE,TOTAL,14,19574,289,614430,19574,614430,20.481.170,642.906.179,3.186,547835,2386,2218686,2.321.512.522,6029879,6.309.338,2781179,2.910.075,172991,181.008,3,3
137,2021-09-16,Brazil,PE,TOTAL,12,19586,430,614860,19586,614860,20.493.727,643.356.108,3.185,547835,2386,2218686,2.321.512.522,6066810,6.347.980,2830071,2.961.233,172991,181.008,3,3
137,2021-09-17,Brazil,PE,TOTAL,9,19595,336,615196,19595,615196,20.503.144,643.707.680,3.185,547835,2386,2218686,2.321.512.522,6103285,6.386.146,2883668,3.017.314,172991,181.008,3,3
137,2021-09-18,Brazil,PE,TOTAL,10,19605,354,615550,19605,615550,20.513.607,644.078.086,3.185,547835,2386,2218686,2.321.512.522,6122498,6.406.249,2909721,3.044.574,172991,181.008,475,497
138,2021-09-19,Brazil,PE,TOTAL,7,19612,122,615672,19612,615672,20.520.932,644.205.740,3.185,547835,2386,2218686,2.321.512.522,6138399,6.422.887,2924464,3.060.000,172991,181.008,547,572
138,2021-09-20,Brazil,PE,TOTAL,8,19620,151,615823,19620,615823,20.529.302,644.363.739,3.186,547835,2386,2218686,2.321.512.522,6173067,6.459.162,2952912,3.089.767,172991,181.008,3135,3.280
138,2021-09-21,Brazil,PE,TOTAL,19,19639,305,616128,19639,616128,20.549.183,644.682.874,3.187,547835,2386,2218686,2.321.512.522,6228906,6.517.589,3017214,3.157.049,172991,181.008,4045,4.232
138,2021-09-22,Brazil,PE,TOTAL,8,19647,782,616910,19647,616910,20.557.554,645.501.116,3.185,547835,2386,2218686,2.321.512.522,6252187,6.541.949,3060273,3.202.103,172991,181.008,5081,5.316
138,2021-09-23,Brazil,PE,TOTAL,12,19659,394,617304,19659,617304,20.570.110,645.913.377,3.185,553069,2386,2218686,2.321.512.522,6286416,6.577.764,3112838,3.257.105,172991,181.008,7020,7.345
138,2021-09-24,Brazil,PE,TOTAL,14,19673,1023,618327,19673,618327,20.584.759,646.983.788,3.182,555266,2386,2218686,2.321.512.522,6306158,6.598.421,3162088,3.308.637,172991,181.008,8213,8.594
138,2021-09-25,Brazil,PE,TOTAL,10,19683,516,618843,19683,618843,20.595.222,647.523.703,3.181,555266,2386,2218686,2.321.512.522,6311482,6.603.992,3183571,3.331.116,172991,181.008,8328,8.714
139,2021-09-26,Brazil,PE,TOTAL,10,19693,205,619048,19693,619048,20.605.686,647.738.203,3.181,555266,2386,2218686,2.321.512.522,6317926,6.610.735,3201096,3.349.453,172991,181.008,9229,9.657
139,2021-09-27,Brazil,PE,TOTAL,7,19700,191,619239,19700,619239,20.613.010,647.938.055,3.181,555266,2386,2218686,2.321.512.522,6331777,6.625.228,3233865,3.383.741,173073,181.094,14484,15.155
139,2021-09-28,Brazil,PE,TOTAL,12,19712,312,619551,19712,619551,20.625.566,648.264.515,3.182,555266,2386,2218686,2.321.512.522,6356643,6.651.246,3289443,3.441.894,173073,181.094,14660,15.339
139,2021-09-29,Brazil,PE,TOTAL,12,19724,623,620174,19724,620174,20.638.122,648.916.389,3.180,555266,2386,2218686,2.321.512.522,6376401,6.671.920,3336109,3.490.723,173073,181.094,21334,22.323
139,2021-09-30,Brazil,PE,TOTAL,16,19740,549,620723,19740,620723,20.654.864,649.490.832,3.180,555266,2386,2218686,2.321.512.522,6417250,6.714.662,3434518,3.593.693,173073,181.094,23979,25.090
139,2021-10-01,Brazil,PE,TOTAL,7,19747,469,621192,19747,621192,20.662.188,649.981.569,3.179,555266,2386,2218686,2.321.512.522,6441105,6.739.622,3469363,3.630.153,173073,181.094,27191,28.451
139,2021-10-02,Brazil,PE,TOTAL,7,19754,441,621633,19754,621633,20.669.513,650.443.007,3.178,558896,2386,2218686,2.321.512.522,6445527,6.744.249,3478346,3.639.552,173073,181.094,28750,30.082
140,2021-10-03,Brazil,PE,TOTAL,10,19764,201,621834,19764,621834,20.679.976,650.653.323,3.178,558896,2386,2218686,2.321.512.522,6459788,6.759.171,3514354,3.677.229,173073,181.094,33195,34.733
140,2021-10-04,Brazil,PE,TOTAL,16,19780,94,621928,19780,621928,20.696.718,650.751.679,3.180,558896,2386,2218686,2.321.512.522,6473488,6.773.506,3538655,3.702.656,173073,181.094,35791,37.450
140,2021-10-05,Brazil,PE,TOTAL,13,19793,374,622302,19793,622302,20.710.320,651.143.012,3.181,558896,2386,2218686,2.321.512.522,6492181,6.793.066,3590021,3.756.403,173073,181.094,38391,40.170
140,2021-10-06,Brazil,PE,TOTAL,12,19805,440,622742,19805,622742,20.722.876,651.603.404,3.180,558896,2386,2218686,2.321.512.522,6519498,6.821.649,3653329,3.822.645,173073,181.094,42469,44.437
140,2021-10-07,Brazil,PE,TOTAL,12,19817,402,623144,19817,623144,20.735.432,652.024.035,3.180,560586,2386,2218686,2.321.512.522,6530328,6.832.981,3683558,3.854.275,173073,181.094,46663,48.826
140,2021-10-08,Brazil,PE,TOTAL,12,19829,417,623561,19829,623561,20.747.989,652.460.362,3.180,560586,2386,2218686,2.321.512.522,6558381,6.862.334,3725819,3.898.495,173073,181.094,78882,82.538
140,2021-10-09,Brazil,PE,TOTAL,10,19839,457,624018,19839,624018,20.758.452,652.938.542,3.179,561774,2386,2218686,2.321.512.522,6562898,6.867.060,3761653,3.935.989,173073,181.094,85456,89.417
141,2021-10-10,Brazil,PE,TOTAL,6,19845,179,624197,19845,624197,20.764.730,653.125.837,3.179,561774,2386,2218686,2.321.512.522,6568234,6.872.643,3768749,3.943.414,175175,183.294,86780,90.802
141,2021-10-11,Brazil,PE,TOTAL,5,19850,152,624349,19850,624349,20.769.962,653.284.882,3.179,561774,2386,2218686,2.321.512.522,6573166,6.877.804,3795041,3.970.925,175526,183.661,92541,96.830
141,2021-10-12,Brazil,PE,TOTAL,5,19855,210,624559,19855,624559,20.775.194,653.504.615,3.179,561774,2386,2452546,2.566.210.924,6586734,6.892.001,3800535,3.976.673,175526,183.661,95851,100.293
141,2021-10-13,Brazil,PE,TOTAL,2,19857,171,624730,19857,624730,20.777.286,653.683.540,3.178,561774,2386,2452546,2.566.210.924,6593843,6.899.439,3839849,4.017.809,175526,183.661,111527,116.696
141,2021-10-14,Brazil,PE,TOTAL,9,19866,417,625147,19866,625147,20.786.703,654.119.866,3.178,562626,2386,2452546,2.566.210.924,6597587,6.903.357,3874795,4.054.375,175526,183.661,120395,125.975
141,2021-10-15,Brazil,PE,TOTAL,11,19877,414,625561,19877,625561,20.798.213,654.553.053,3.177,562626,2386,2452546,2.566.210.924,6611188,6.917.588,3919862,4.101.531,175526,183.661,132022,138.141
141,2021-10-16,Brazil,PE,TOTAL,8,19885,408,625969,19885,625969,20.806.584,654.979.962,3.177,562626,2386,2452546,2.566.210.924,6629011,6.936.237,3954901,4.138.194,175537,183.672,145871,152.631
142,2021-10-17,Brazil,PE,TOTAL,5,19890,289,626258,19890,626258,20.811.816,655.282.356,3.176,562626,2386,2452546,2.566.210.924,6634128,6.941.591,3973693,4.157.857,175537,183.672,151053,158.054
142,2021-10-18,Brazil,PE,TOTAL,3,19893,50,626308,19893,626308,20.814.955,655.334.673,3.176,562626,2386,2452546,2.566.210.924,6657162,6.965.693,4009165,4.194.972,175537,183.672,160992,168.453
142,2021-10-19,Brazil,PE,TOTAL,15,19908,473,626781,19908,626781,20.830.650,655.829.595,3.176,562626,2386,2452546,2.566.210.924,6686874,6.996.782,4079809,4.268.891,175537,183.672,170665,178.575
142,2021-10-20,Brazil,PE,TOTAL,6,19914,407,627188,19914,627188,20.836.928,656.255.457,3.175,562626,2386,2452546,2.566.210.924,6694967,7.005.250,4118409,4.309.279,175537,183.672,181615,190.032
142,2021-10-21,Brazil,PE,TOTAL,9,19923,469,627657,19923,627657,20.846.345,656.746.193,3.174,562626,2386,2452546,2.566.210.924,6710537,7.021.541,4159988,4.352.785,175537,183.672,193878,202.863
142,2021-10-22,Brazil,PE,TOTAL,12,19935,468,628125,19935,628125,20.858.901,657.235.883,3.174,562626,2386,2452546,2.566.210.924,6738918,7.051.238,4222714,4.418.419,175537,183.672,207312,216.920
142,2021-10-23,Brazil,PE,TOTAL,5,19940,463,628588,19940,628588,20.864.133,657.720.341,3.172,562626,2386,2452546,2.566.210.924,6760088,7.073.389,4254607,4.451.790,175537,183.672,215479,225.466
143,2021-10-24,Brazil,PE,TOTAL,4,19944,169,628757,19944,628757,20.868.318,657.897.174,3.172,562626,2386,2452546,2.566.210.924,6763800,7.077.273,4263693,4.461.297,175537,183.672,216822,226.871
143,2021-10-25,Brazil,PE,TOTAL,4,19948,138,628895,19948,628895,20.872.504,658.041.569,3.172,562626,2386,2452546,2.566.210.924,6785823,7.100.317,4313599,4.513.516,175537,183.672,227690,238.242
143,2021-10-26,Brazil,PE,TOTAL,11,19959,328,629223,19959,629223,20.884.014,658.384.771,3.172,562626,2386,2452546,2.566.210.924,6814805,7.130.642,4365899,4.568.240,175537,183.672,241453,252.643
143,2021-10-27,Brazil,PE,TOTAL,11,19970,566,629789,19970,629789,20.895.523,658.977.002,3.171,567431,2386,2452546,2.566.210.924,6828374,7.144.840,4416321,4.620.998,175537,183.672,256778,268.679
143,2021-10-28,Brazil,PE,TOTAL,20,19990,731,630520,19990,630520,20.916.450,659.741.881,3.170,567431,2386,2452546,2.566.210.924,6847477,7.164.828,4466170,4.673.158,175537,183.672,270755,283.303
143,2021-10-29,Brazil,PE,TOTAL,11,20001,460,630980,20001,630980,20.927.960,660.223.200,3.170,569115,2386,2452546,2.566.210.924,6870351,7.188.762,4513996,4.723.200,175537,183.672,287910,301.253
143,2021-10-30,Brazil,PE,TOTAL,6,20007,652,631632,20007,631632,20.934.238,660.905.418,3.168,569115,2386,2452546,2.566.210.924,6902121,7.222.005,4586426,4.798.987,175537,183.672,293811,307.428
144,2021-10-31,Brazil,PE,TOTAL,11,20018,260,631892,20018,631892,20.945.748,661.177.467,3.168,569115,2386,2452546,2.566.210.924,6908122,7.228.284,4597566,4.810.643,175537,183.672,293979,307.604